"","V1"
"26a4b402b4a390e8cd5fe2f1708401ed",37
"2c69b472c7f34853923df85468bcfb5e",21
"52e5cb6044ffe407ebb2fa108089fc7a",45
"945184b6386c192c0066e0a98a154780",4511207
"c22eb97ca4092056aedc479a51141e72",4825
"2364a07a03b0f46a01f3787b3c1b578a",66
"af12a2c6e9ed4f2d5242b780941aa622",44
"b1f87a2c98e1345ff4bbaf4aeaa026c8",103
"b5ed22ef54a2c29cb43da4658a5b7fc2",160
"c8040c25f7c52e7c2126bffacf13669d",28
"7c76ce83153e2bdaa06847ce56e2f717",21
"f3cbb918f0bb59adcc23d3ca40257c34",58
"8ec20dd41ccc4c7d79d3702329847951",33
"4f79699b86171a3b3de0b92bb61d579e",21
"a262a19ec921a3b3400e5b23d70b4c3f",36
"c0ea3603523069e9eb5368a33f1e41a6",57
"7894df5344dca1c53979e661e7d695cb",24
"3bd9d8a46bef6e9502ca21193684d4db",21
"54f3e293fb73db1836b59bacad361334",99
"ab30561d5fc3b7af34820c98f84b6866",100
"ffb94227a6d1b318b39c21c0f0f88fa8",51
"ccc64ed1af600d9c68f0e8233a68dbe7",43
"4ce32a8ffa71abbded92a84e11353a56",29
"d639eeb6e5e06dca39bdb70ffc6421f0",69
"4ab45fe41f079cb2862bbc6d50ddec58",187
"bf6a53d391405b4343ae6041e84a2bed",47
"7da180c98d092170d27f493dd0e2d99e",75
"2b78aeaf14e03acc9f347c4e5819b993",17
"e703e58af6e7d3882b6df5ffef215f4d",38
"9f5a5ad58cf2535c867fd215a887280d",16
"cfacd03fe2d5bc451d9be1b83e9c960b",8
"2a779a52cb150acf0db33e0602dd479c",22
"96c647922b5183e36c9c3973e97d4100",8
"fe19907e1c4025b136f0ce1e1a5efb6a",4
"4902a25bf2e47237346c1807e0facf6b",25
"fd29d0d2e3bef1575e99fa89d043f9be",14
"3c1c33a115a9e7e1e0071417ccf409cd",3
"6bf870ad3b949790ee8b5b101c67ff41",2
"76af98ae31a8d91f5b7bd8dc96fdfac5",2
"52435680236c0959f5bf8051a240d295",26
"225522a523b6804f35de038f4decc6b9",20
"a5bce4c8f8d3dd775f4dc12d2eff2a00",15
"e7176ed15c2556fd1a5a2dd5fbbdf262",41
"8259642cd76932e1cc42315a3eeeb7b2",7
"c4435a610dfb81e48ca801047f62c0dd",13
"b3e9ee6d43021f00e3d265abc65fd329",9
"280a8116f2f36feeaf3a9a677b4536fb",6
"d05467d33a504fcbc8ad77fc164d854f",37
"e6af43f3163fe3d2ae8a72cb692aafdd",40
"970da58bfd7c0448923e775e6ddabe22",9
"bafdcc6f7052ec57892ab4de6c794562",10
"0cbbb397779766d3ec5cc21aa573b6bf",5
"095dcca0a1cacb655451100eb59c8ef1",28
"e401a5cb0e4f98583b633b3044ae922e",10
"adb21e48bf6874c679a41db55e5dbf2b",24
"a7d9ac24cf597a17e98e400931d90089",1059
"4b61a0c27b212717843d3d60545d62b7",12
"cc1c987a3331d24e2567bd207b053438",23216
"6807fa9e53d65e0e72e4a93d26844b73",59
"40bb303dfa340f5476ef05bcfc061fcc",87
"4f61652e778b0d30e2a0761ad1730e9c",2
"6d0b7a1c011d0ba876c0ed70158a0670",110
"a3d5c3664cebf47a4bf21c95e023cd40",19
"57a638bdd5e04239316f9aae7203d7ce",52
"3cacc8047e5bf8ac1725fb44f99936f9",182
"ad4040bf4522ed6e060e66f4ebc750b4",117
"b3cff78ef9becc5e6f6c9a99bce37b81",92
"b5494486841f6a1509998b3da71c3453",127
"d9691a992090dfeb39393aa5db9e6eac",40
"cfeec4b642731aca2075082d9169fb05",23
"19242d6e262c55c76fdde74fbd05d9ad",94
"f77547bab8048d4cf6fc3f877ef47ea9",52
"d8d05f164164c418e9300c307bcca33d",7
"715ae96661db2f994f87863e027bfb56",12
"cd24b33af28952403d8cf6eab0facad0",92
"20a9165f1c4259f8329b0c62fe14eddd",5
"0df8d13caf7ef7960b68e29beebf0f89",111
"fdbb8ce09b8af86ed423bd987f7e6fbe",51
"1569ebf970bcc7ef05d644477b64e8ad",47
"ad609838bfc067c94666ccdad4e711c0",104
"f276beca9303682c30bf0ceff4e61b92",24
"85e4980063c1155b867aae6fbed9b593",42
"ea403646ed22d679fa4586263d8fc32f",1039
"4a47d2bb957d186bd4aaf121c5eff0d0",42
"f7305399d710eef72eb7d51770e2394e",24
"0e2e91fba1ca9ed7de2d11ea4786c914",1463
"8310ebb505a7e21d2ec0b20746b4b3d4",13
"423d997f9005bb41beb659e6ba439010",52
"902aa7eb1f8a4d3bd69993cdafb4417f",4
"ad97eccbf1b1a8ae68a15864721cf005",21
"ef709916454521336dca94ad83b8d0cc",25
"69179c4a6011d0c9d30036cf18626520",159
"0ed2732d28aabe592dd03c52b7ab9e59",60
"9d30a451b63353fa20d8d07fddcce457",13
"1aabdfe451439c4ad9a373c2595a1b7d",13
"6dd800e7beb1451c6a68b25e0fce6906",6
"774e5493b21980e829ed31a9b4de14d0",94
"3e1911cc23eddf3b8215594923a6722d",36
"73be32d76e0ba35a708133b604cde340",24
"6fdc404f20966ac4ab8cd73bb5cf2748",322
"a2a46393b38889d6ebf69e9acde613aa",34
"0ff52ecd45be79c478d82cfd5bd2e9cd",325
"3ebe761bfb1238c87195d431f41bf976",8278
"428daf2d2cff42c8a708c6c21be35954",33
"874290a6b0dd6a06afe89fbd135c4d57",78
"a01e1f1842329a97e4fc8e7921d350ad",37
"8ac183948e0eb2904179df37e3df8291",35
"7ee3a8a151f0c5dd1f65cef82481de24",32
"104e0677fa6c82a4a8ea0f782e7e8bae",52
"4688f736cd99e337a6e97b5c40174392",56
"c044ced596d53a61fb42056dd369fc13",413399
"1794bcb6177ef858c9795111b1b5c83f",122
"d86627e2ef665748b42f9b813f2a475d",35
"569b67c0b7cb284f568ae8f6949668cf",127
"d205546c3defa41be41597e5865efb90",36
"de3100b8ca5f74c2e7d8b5210e6ffe73",83
"967072ca36d14b77add6a89c9c3106eb",6
"3ef80e612dd227abbe5ff116a9b77866",160
"755a216c4e59c8f206bba9c57f790da9",72
"9ddafdc01c0e183225753a6c60377efd",85
"296ab1506b12bff76ba264a501b6b0ab",32
"3d5baff45729bf2214074c2e9f77ad10",224359
"e2beae27cffff2f3e214ec5fd2a81eb3",52
"171abb35ec6661bab534af1bf1179a15",98
"9f151125ffd9ecb761b9360ec57a4f44",34
"c22b16cc6108c04f29fea3b6d4c81571",348
"1303ddcdf9801939147158c4dbc3e0d5",8
"190a851434bb87940c52c42aa56e4d20",11
"5c60f84b3d868e8544e0b7805e20ae77",36
"8b91e5b1c412877f96a4a342ab6dc680",42
"430d480477d450614cc88f3853c6ae7f",103
"d9c614d7a1ddf6baab22795597cb9135",60
"9b9905b530d8a4bdbf806a547c34f229",27
"2bb072fec0968561bc0083e07d62b5c9",37
"cc8ebe7aa60505db6a945372fb4640fe",59
"41daa7d0dc9c4cb5ffbec707873b571a",30
"a9f47fddcb5072e9baa7e96afb99b9a1",68
"465564cf55ca72a07e38086ccaa4c993",23
"1dfb6ec7f0d64d40d26a1aefe9934950",93
"b60a7fbea31ddf31dc8f8e88bbe04876",16
"fb5c2aa7e7a97d1ba29b2c9405cb6a41",29
"40c00caf4aba9abc8cf5384e6e8e438c",36
"538476e20c02e763c9403bbfc3f9932e",38
"6f732b7f1a1bc2107f9771d267c58cac",16
"134b1213a9c94a2b03685d8863f16b99",27
"4d4574cf9ca812c9e60981dc40a2ce5a",47
"82dece6e35540738ba450a0c3a90b5a0",615
"d6e9cef042ee67a9bccf117fe5d427e2",35
"be91dd667d6302c1ce5eb0d034be2926",10
"16a90e0eb75688fbb47d289599e10957",11
"1e96312d605814622264d12316e4e2fb",50
"5673ae66819e3bdbbc09461e4959159e",13954
"c416586d8c9926943361f84e183bf0f7",26
"7296f772d9ac16b14f334ef2ebda6d9a",44
"6110f28a1de867a9983a8a28ecf4e533",38
"e8cb8ada0b55d1bf8a6261fb10658272",67
"302b1d34289ca2e431cdf02d976ac9ab",37
"417b5939dad4067d75ec2b5016599750",18
"917d69bb1f70dcbdaec3fd659d4dccc6",62
"f4a4c531295b4e421173dbddd6e3982f",43
"144668ec621c7036d7503ccda344e48c",359202
"5549c4af9d6b5569233b2cdce4ba0f86",28
"d8b18eedfc4eedfd21347cfe625683f0",55
"bc038d41c4084f90ea125af0fd599887",37
"683b1727db13db4f12fa983ea3fbfc47",40
"33ad85980139fe65c1df68ce00743649",77
"688de840febb04efbdfe45269a4ddb8d",41
"f16c3e67aac987c79f97ca86ce3a2f54",17
"3481fa43fe5fba6aecdc7f9aae6ed9c0",156
"7c2ff5e24ef5fcd1afc979db88d2998f",60
"be61482b5b70a32eacdd0aa9d784c494",16
"6aac0828d1db3cecc75ae1df8dc48caa",30
"66271318c67c02adc4627e0172acbdc7",52
"63afe8e6aac58bf0d670a82ca5bc574c",1566
"533bfc81ad2ebeb21aa465cc35fdb0ef",12
"841fb43716816688902ed76e1d854aca",23
"ebde936503a5a87fe46121da2c9b1158",74
"bcb99e47b2761773673253513b4540b4",142
"e0b65d90e96a82f4b82895cb19a4424e",107
"6c46ec35ca588dddb9ce4e308ca58847",73
"69f94c86bb5f77dcd6b0b98943d8821f",24
"3533a58f2894b187683ad57101698df2",10
"908a869188b7eda92fa6e74bfd91e882",16
"a48a0206bf697a9cde5b6b6c2058dcf4",51
"785b759e9578ca13355f7d88c26a3ec1",3
"588498bd969e82519d24a6c9fd3b5dae",114
"8fd3d9c014fac8d4c4055be9e1024cd0",4
"4650f7e01948978688ff00f3d6515372",27
"5b015c58fa2e09efe9df850284b9463c",25
"3daf1be9fe5fe47c51b69a4af98e35c7",21
"980c1b293535aece622da4dd8ac6df15",22
"0489e4909b8b91c4458ee3db69dc8347",35
"3cac41be8c97b5c54de5b01c5df21be5",43
"206ecd4756590a5ce7aafe5992587768",55
"4c5868a22422bdf084b862c124805fba",13
"45ab3b0028052f1d95136d822509c53c",107
"4d187271d467ce0abe234ac78af3d462",27
"a18c26b94164f386546c77d9a702e6b5",43
"3804ed6427f8aac00a2da21c8da06e24",95
"0c6287f8193b0ef7005979d4f985910b",27
"e88f1183bafdd1f29594b3283b4a6c1f",45
"f4c25d36e800c9a2b058a1aa3ba79f7f",625122
"5499c83266f762e1550707253de1de89",96
"3ef9c669a485ee50653c262758087b9f",39
"07e2ecb143dc5b455f27a8caf00088da",90
"57b8d2a868e92bb6437ea7dada60aca1",47
"f8da161e05b6e7f31936b64bcdfc6955",29
"d543bb6b278b8f5d909494145a824f73",115
"219ff6b069dead917fb23e54a1edb19c",52
"0ae014266a15229b9cf2c7475dab0108",80
"6ff2dacda8d027d150bf816c07cb6455",30
"f0b01cba77ce21882d08ed2da53bdd1f",72
"8c902dbe046efe04a1b468105caead17",35
"399944af0aed76da29f63d6727a4b580",123
"84d52c683afe1d8f481c157f4d8d1409",39
"0609c6faa234841a97c4ee8bd2600c27",91
"69084a17d1b293f1bcd662e3f55834ff",10
"cd7095be238b29f758bafaf8ba42142a",23
"20079365be99d755c96f30b1d9f62bb0",6
"7adb36c5aafa02ab050e07453b60a3b0",12
"1468f43f8d4832e04bc6ae305eb30f98",3
"5f0af1735f2bdcdcb22f93c897abdaee",14
"ca9c66d47347c03d0343d6fe03ed8636",69
"394eda29c886632f514dd94b58381186",38
"c36c7aa5e6c47fc763828a8add383940",8
"9b1de8cc0a0295a38a60f906653fea94",69
"59f7d8a7f37d6eeec95eb556f33da267",15
"e78ecb138a8bee2a728274b849db12c1",22
"4d3bd6ef0bf42894623d62db621bb039",9
"576f6d83746bbd08c023df20498bd68c",10
"d1bf49aa9cb297d81c8879e8b47e03cd",4
"b5593d2ef299d23fcde5b15b5b0c4b72",46
"d7c175c5b206160e3c14ffd3ae2019d7",34946
"830309935f66f6b2ebd65677d8298636",20
"69ebae326d0a49d9b3eae4d233cdc7fa",35
"34239f14f57eed8a2971a240df604a06",6
"d3c6b6fe1a5510e71a2c6346ae745359",5
"f4d16aaf078af403c4d9bd7ed0287c21",10
"5bf6de9dc71f9f95b511f856abee454d",20
"8ac61e54e166c6fe834c62f2b84d092c",62
"867ba42041c272e104d54e9a09cadf8f",17
"e1101269d2feca692075e9ab9164ab28",90
"a90c82b67960101d0f49dc6878965438",4
"a9ab16568648e406dd7dd93aeb2605cf",19
"eeb2b4dad58c8b4647f3e018dc451e90",36
"649f2efd13df2dff8125deb6f1a44f58",7
"19edccc18a03b9c0d0b50886d8d2f2d0",14
"04db7aae5edb9e5bf407114d132f0271",7
"1e5252f7f059d825508ebf3880dffd92",294
"6ab0bb96402eb528aa31cdf3a4aaa5ff",52
"64a59397caa973da2826960edf2324bb",21
"cfa03b2dd4113a61b39b5f194d02d324",29
"29ab769607e61a0d7bac3e47b7709792",18
"8c2b832dd5491a40a79aea2525e54341",38
"ce5ca49051cd464632f984bb9d5ad325",9
"8cff7bc3fb5f7586f26e4837583cb108",2
"9ee6a732b78092c0b78e817b9240bc45",44
"1d977801118baba51569d3ce9fff7f29",87
"36c51465caa809f6be1c80d24bfbe37d",21
"8dd9abf6821d3c3cc32622bbedcd9798",22
"1d88b5b8fa76588ab2d2d651819e6ba3",8
"c7dd722488097856ef8b7e7c33a34602",3
"7f1fc24634f1ecc6ec0d1164a104efed",11
"925bb7b0a5e6f194a4705f1d705f517f",13
"95b0f6f3249c33171cbde8e45450f314",3
"806d8c06b78844b65cd5994f0f30f725",2
"a71246f83b99d944f2eb5d6177a309f6",61
"28671ddfdb1256925c604fc27d489db4",2
"96efd726d3de34255db2e77805345706",4
"c7ded687fce22a68e8444ad5bd7db486",24
"439871de19967694aa2f5835ba6a55d6",8
"3414045922d6ad54036cb60734f54744",2
"6a77e4e4c19f6ba1923162e6298cec8e",79
"b9e5ec79c1ac27ed435ff826dd71bbba",63
"88827d38748628afd65f6817dfeab8d3",379
"48fc363d2967a5b8a614bffa90e00693",9
"da8572a01a6a51ffa91d28a8df971987",15
"5f1e574982a8d051af8f55f132638e00",4
"afb910b894508ad62297472c2b112c6c",6
"50239406a2ff3bebf9e02529846d593d",12
"bd179ac2ef826b1a6e9376f2d3c89a42",9
"2c942af23d1e299294e515b421c2f8c1",9
"f47beff0fc3748fcf424bf33bc490cf2",7
"e8c7464abefd6813da636f2079af3082",99
"75cfc53ad43494005052731091688e9b",302
"0b17d01615ad56195d5f18cb2f2f77fd",33
"5e53416d453e87ab536e4027a7a03452",14
"f5e8c64f95db0e1b1e99d4219fb3b7ef",7
"67e883c24b4ad1998628754f91e0c99a",34
"d95ac182180aae9b07bf20fea701fedd",12
"c2d5b1fe7e78d3d6f19b77c071c5c0f8",29
"21843aec7e12650aa7de02043ff7c2c8",30
"df9125e5acc7920a457babf7822e2d8e",16
"53eaf84a691ddb63db304d72717702ca",10
"84e8c7887a1f750eb45c682bc6093a1a",15
"496ecde24f9ab698992413d3d4f04b5f",239
"dee42ce3aa52ffbe2c350ee23b491242",44
"86de81e930bc2d8744b8d78b6fe6302b",14
"e9b63a2e8d30c2386621af96694db0e8",40
"768e99b1f280ae2d443cbdce9bccc6c0",11
"fb67b286b0f781b0de13d50179318995",2
"db71e335bc263a02d10d6331d567e4ba",10
"dcba105f35d8ebc9e22269c7491ad3a7",525291
"39c3867550c98ac2b6dcde7d2c14560e",49
"e40e0e06a7186c0eaa3bffd995d4188a",31
"9ccb7166de134ea044788aaaa1aed37c",44
"b2a1a55242ea893216b9a2b9b226392d",40
"2d12e6e0bfc7cc13a164f7c66f95a539",55
"042a2788116d31f217d2f0d7c3a8b242",26
"1860d8220f37d27bf0265943e5dbb402",44
"563ae10862d094b29a4d6cfc3a852c5b",54
"b703ae48fe3dffec8f09d3ee14c5e701",42
"c134b7c0dfdc8ee7e71c5ef418e8fd99",134
"03af4df3867118cde8384b6f939dd205",42
"7bb37ced06240244aee7514fa52dbe3d",32
"9eab7a1249300ee6e9757c224201f94d",983
"0972737f77ce6423d59cc6c4f0a5eabc",31
"17c02bf4661b1d8c832871339184ab0a",21
"c66ea3d804ab0d5346b5d0a31b4562ae",132978
"4773fb34d9a73215abb0bad11f782737",2
"f2c1b47c49800e580ecfd4818535d315",11
"4804669ff00c7ec682696fdd03d60923",3
"84b420ce85c1e0865efb58ccf7e84c0a",6
"d666dd55f5e8dde91c6901e60e9763a4",5
"580a5d8fff0cffacdddf8baf4e24dd36",27
"12e8be8b638086964cd9c100a347997c",26
"72eb4a387efa64f2c2a0319a8bfb31cf",166
"0fd26f9df55ac2e366cd7438025b848e",25
"3f62717affc0376f79fb1f50e3bd7eab",16
"ae190110cb738b311ffd882ca15c4252",65
"d5ec6e3746c3bf504e27b35890e98b50",6
"e87dcc97d1748d2c3c0cedfba8f49fbb",224
"bfdf24726f24cc84e2f0b13a18bb19e3",4
"44c21e29adae97a53247abbd73978395",380
"c695273d004722eb3fb4f46842153713",51
"afc9946b7c28e2e6500fd5f3e51c8f64",12
"d59faa85a8825f8ca169ec36eac30d33",58
"be299cde1595a70360ac7b73215eaad6",247
"f4bc4759d52d874f23238c709b060802",116
"e1e43bf6ac8e5acf2a2360fa5762f076",915
"6d833a0874400d99502fbd678531f2f4",40
"c4832a13dc4440728ac19cd61cbeff6d",10
"c898f228c43438c21516365c3ccb6376",6
"50997d1e6c398e7abaceb666004a2456",58
"13ae6dec24bb9b2b207d132cd952bc72",27
"6ce0d609c86ce96c1caee79e625b379a",36
"8ba0a517773cc4bead26e621f40616b4",9
"a7d11dc0f5ae4d9a3440ad2d6abecf22",59
"7643d4802718985a12687b716fdf5f13",21
"82dea07613247db5ef22476022747c94",56
"d73aa4a63aa639c0f00e5a562a890a71",8
"914611172f55db70e64ff02deacd4713",11
"eaedbc36ab419c72fe12c3ab0b7aa58a",32
"1727bd8544639e521c5efff9f8c225a6",22
"34640d11e885d77e46678e9dd62c01cb",11
"e074ed111a9a7f8a5586ac18330eb040",9
"70589c43e18eea4bd09dd965076089c2",26
"3cd8743419e96e18af67b6131b4dd581",3
"4cdaac18ba7bfb5c431fd44080514c4a",56
"b409a83aab8ae1e19b7c2257d0c06da8",11
"e86d552f1f11521bc573e439a4339ab2",7
"8791e7a2c0c4d463fa2d938462ddaa47",27
"422992032e3aaf3b6d2205f313ad259f",4
"63f8cebeacd668a8e1f6fc26ae157bc4",2
"6ea2e1586e10795001e729d073cec537",5
"57608fce970f7f3c1d7cacb6cd93cb1c",2
"881e6cac68aa4af1ea6f58a4d9be4db2",13
"64757d68600c81cde7de1a381325bdec",2
"ea35149d8b6da5f349da23d61ac5d083",4
"dbaa2994e1cd599bfd347f5995b56b1d",16
"12a2d8be83bd6e4bbcd2f076909ee4e6",12
"fe7b7d490c3029ee321485c91ab1c916",100
"92046b62c32c7844bc7e53f3094d7a98",106
"03cfedea1d21a5bfe35ba2460c1a3904",5
"318a2dc4bf9117dd3a03ab8c2a4b16cc",3
"5d01a532a06b8c00aa1abcb8de5dd87b",66
"d12d77f7e66c24f71b153452a0f4dac5",32
"001d8aa885e012f972f642a784fc905b",4
"1e0851ac1dfd2288dc7c25999453772d",8
"07db0afcfd9587cf17d0d28f528a8bed",72
"10ed797d451a8424d84533c631cd789e",3
"024d8f0126010e352ad78828041bb834",32
"ca17b9901fac988a7fb4402676a3202d",4
"fd4ba87b5b834f50b25764a246bbeb71",12
"1472b6162c9f5bb0c1c974220ad6e012",3
"87fc4eb41002d0860fde0287494d63f9",14
"454d8d2c90e0805da2b4af0db02d365e",9
"22a00d65e1400a62a43ee5179c8b5a0e",7
"2b6d52038945cbb63d88fd8735cc67fc",3
"9c9696b9b5c32f49f21eff7cff2939b5",4
"43019e4ab96177b37275893d15024b24",13
"ea11d051b10edab7fc316423deaeb07f",10
"4505b2fd22d6cdec3be4ebe7e076ccd4",12
"4ac622e9d8a431dff02a66c1123df21c",17
"68d5e8215c440290b42bec6a2c8dc31c",70
"d46550b0a4cae4db559deae4b56b86c1",8
"b9776d5d4fd798ea3e9262ce2d10330b",7
"416467ed21c01d69e0f93cde180b17eb",9
"8bd0f46186da483debc7299d8bc04fcd",14
"55b66428120ddf4c8a622910950b8dbb",15
"7f6ffc00f159c2e91c5bf2f59dba02f9",12
"e1f65ec499cd8f72924358e3437d33be",36
"75c2377b4bcc3b674cbb76d68c826af8",142
"733e2273d44974b8f901d99544c7d4a0",40
"82e4bfbaa703ebc57ccc6fef65ce510a",12
"466928bcf0f23ddfe108252a51e1e830",17
"f8d5113705cdfc3432012ab55b736c10",14
"c38dc6623072a98e7a630b132f764651",62
"12a9982f8c60df76e54bbb488bcb76ad",17
"71a70c23654da193039ff086f8a6d372",13
"cd6ba4a5e782492ca5f5eeca0aa63546",4
"eb9931fe47f5572cf54a12325f68ccd7",3
"9c002ac16e0d8660a7c9f836c1aa5e60",95
"b23c99b1d37a56f5ae97eb3355d00934",41
"6c5e6b20789af52431ee837ca7d50494",55
"54fb4c944b9008d8ebd124f2e53d9a88",8
"0d50cc332f12c123bfe6335d3fb2f2aa",5
"df61a889bd43dce25eb2bed06a23bc86",5
"e3a966c7bcb8e0c0316791a7a14dd879",40
"2d64f6f7224e8175958ab199d946350f",9
"79c38d56bcf9713a31397cb6bbbf5f46",5
"06743ef8510745846145676970c68e35",25
"c7edbb8e8caa5ed6178f7d979fce1775",39
"9c4c8aa9f4dc2d00e45407f879e2ef4f",3
"8395f05cf68e501911facb69b98ccfdf",57
"e213d8c34a3eeb3b1da81f8202cdb14b",7
"170bd650d3fd518dc5fd6f096bcbceac",4
"26b12d9c3b705abe26d17e846deb94b3",12
"454abf36cbf4bf2dcb90edb2bffd31d3",8
"1cd0e4dc64d6fdc672de79d192370fbf",18
"b1882feeb22f4eab2d37b7949cef17f3",88
"c917ac30bd992a86191a3b4a63ed2f26",115
"95dac3b0e5230f6086f9212761345ea5",7
"98d99a34810c1d603d3f02780aed135b",5
"b66772dfb431b48b579915617caf0ad6",40
"e8d2ea834a9fd844d2677f2070a13357",24
"7e659efbd27d84d8c3a5a2ef4ec03da4",46
"84e1f74b7363f0321d0df8986283c5fa",9
"a56112d610c6d304c563a1b49594e88e",28
"a2acde346266238874d9956e9a03049b",6
"0c8d3fe513621feaf54b5b55401970e5",10
"aa79affe7718a02b9c6a0d72addc06a4",54
"aea662ddc5f25c7091496458c6c88400",32
"4297627e1610cec1c30614328cbdb514",14
"c09dd7ac939051a2869a5ad068a6632d",25
"c0d3680d5cf3633061e871c50f2f51e7",12
"d8ae4718499577f9dfc448b5893658bd",4
"d3b077fa7b3d21df03d70ba3208ebd0a",180
"1bab7ba9162fb269022e0320d9a69b02",12
"5313d33a318e62fdfa6a878c5dfe2a57",3
"0ab5cb32341e00d827fbcc3266c47b68",15
"3dfa55787a0080324734c367f5bfa793",27
"807fc3624d310579db04e52268943ad9",9
"afca1620a830aa57fe70029bab134d61",77
"46ebdc72495130e802d156f33f1752fd",2
"a7c4b3275e92ba6200ccc18d0e78e6f6",3
"beaccb03e2e5d7326f7b56b0afdeec14",161
"8678a52cb98c3372f8b88e874ec9da1c",13
"d00c93c4b35cb74958cfa5cdeeddb654",14
"95ad88222bec5747a8ad48d9a2e67e70",14
"aebc6fcdf1810ba9046122a9b9d94b05",7
"6fed886eb87a5c1f5f9116fa12415ac9",6
"76eb9a443857a635c22041370101349f",8
"4e535b78650b65ea4d5bf43be17549fd",35
"4f3cde2201581406f06892ed7d332339",19
"1842d14ddfe203e32bc3a9ebee14c617",7
"5a1b46878343f310243e15b42d609002",17
"74787bfc564ea6b93a100e15911151b3",11
"562795c6f72d63a2d8d421b490a275ee",21
"991bb046a60fb3f9a52077a6a8ab78d1",37
"b26afdade2efd1dbed85dae0f3cc3ac5",23
"47f280a62d3cbe2edbfada40370a17d4",7
"a316811e9afae347bd7b734f5b7ab6dc",18
"966741e7021a4931561fd185bcfa203f",29
"97526cc3bdb30750d172ec27041d3211",16
"ed588a1b13ffddd737c98bf5b1fbc9e9",9
"8b55d22bfd5b833bbbb1ef9a5df151cb",23
"65d7d7d81bfea520bf6c50760a517154",668
"d2f4f3047a4ea0f7cc9ffcc1d5f9e1ea",14
"2d9ef88f437638ce5b89648833a51c79",90
"4f6f8698d59d9a0035588fd57fd3a06a",2
"0e4c673ec7748374cbfb78632d2ddb53",8
"c1ac234bc21b7a0dd68acdbb66e9659d",23
"019a8e93cde9dfce660c99097f2bc8ef",19
"1811ef9d0ba581675baf5ce3f7f162f8",11
"02a38656698294d2ae2e548c7ded62be",10
"f3ab94884c032b8d508d9b06544c63f4",64
"ff2949fcdc6a9978f010605c403b477f",398
"8e748d57e0ed760b8227be8eecf2ff40",7
"69a7261dfbf942221779304cb06406fc",57
"95862f73d344bf8d2a174010427b7fef",30
"4d702c5cd37f7d8d0a0f603a38af31f3",122
"2e12b5056de751f70f25f0f371cc180b",42
"dff5d048ea32a22f8f7a40d57f6d2c71",23
"8eb1c1b07166387969c06b16df480f0b",28
"1324744e67c4fef97140f5d628cf4443",10
"726673fad708d821fb11c730b03fe7d7",19
"49d46d00a93443b060707ab2db8ba82d",31
"b1b2de5384c355785ff0f192a69d2baf",9
"335a6f197a5791998ab5ce8fa8450dc8",1395
"1d5adaf5e35db9d65645d985f03f349e",29
"5f9f4be7f7c211c802b461a6ea36acef",712594
"02db34ab0a88a6e33d32493c2e701510",6
"3d3be884344ba24a9de05add12dfba9d",19
"616a2b7f29cebc02c036a74f8cc4ab20",73
"8736c4e09cfdbb134b354d5c70605c16",25
"03403b732933e08db9cc4da576aa87bf",28
"d93d75418771fd1bc6dfc044fb0f6f81",25
"6a21fdb9e902564e60101df10de2eb77",37
"8169874a4e4217853b2d8d0ff928a09e",11
"45d56bbacdcedc91bbb2a88b67fc1047",28
"7a7272948670340ec2d4c0886c52cacc",21
"d3598080bb82b75f792ade74d0cbb7a7",3
"ad597f21a7ec94308ea878e6275f6e65",68
"c08751aa5c0ce81720da7543b8f64786",15
"de3901260547a323762fba9b9dec22ca",22
"0742412b08cf8f2e9e30c4a0d7eed06d",28
"c00ff21394252e529a88b4a271e16fc0",2
"f5b3cd7274c0c367d6ccc077578e8da0",11
"5d68bdea7c83d04d1cee3f1b4a74690a",64
"72aecf5bfab1db0a1051e1e766b93633",2
"9c705914272c608bcf467a6a2337e32e",14
"1e261831700d5565ba8b54f3124145c3",12
"4dd1b2f5593698a54446a7ecd8a6c47c",19
"2f9103a7492f2978e9c17a2c45995b2e",7
"946d0c874c0395a7da247b201efc5228",5
"ebfd471f79781efad7e6dd9a753587db",4
"f315dd7b49945a0b1a04262596859fb9",31
"1efe887de1bdd596c9461281fe80d17f",6
"7beab4f249af89a8aab102a03113ba62",169
"5aed8de42bbf1a1fe746b40489d7bf97",101
"14ff660452637cf706f1a97b7c9d2c57",399
"f98d7f0d6605268cfae3a84ef6b54b69",43
"d2558025a7fd313ab47b5a622af40571",8
"57dd958e56c827e41b45bfe25e6dace1",11
"0fa9b44d52836d2f173f4ac532f8a013",139
"b277d2c6ff955fe6cb710a4d1b5a852d",37
"ec35eebea5e2ec6f1b00ab4fc4d2e394",2
"96d56543ff42574174ab25b4ecb82726",23
"a6a57a16f6ea70ae9d5f752ab8153516",4
"a693e41a5c1ee3fba71620bc13187291",59
"2854b9633e241b892aa45aee16c0c826",113
"a69fc10a7627cd4f499a260ae0623b36",391
"cb31b15280a99dcecf75fe294d9bd57f",16
"6326363cc12189a386d6c9e5c711038d",67
"04df5b5ef67dcaf96f6f572e7d2b54fa",16
"ed921e95065f07c8318b78e22cf181b6",3
"1f7b92696cb9b2b7351a8826c9df9aed",44
"2f31e76e9824fe68a93d20fbd00b0984",14
"2457580ada4c2223d081984d0891da1f",25
"31f93604a20859a0edc6be547ff1590e",11
"092de53680f222dfcdc4efc6ba5ec725",5
"c4b8bf53c326e19c0fe07933095a3ce2",5
"11f248f492b6cafaac9f769b937eeb05",4
"af5ef4284a9a181015b4258175a1f257",4
"7c06c4b75e7985d07ca371251ce34f68",7423
"7d500200dff3c719ab930148aadeb189",6640
"09f6a826a179e0741410d237436953a5",4
"5f4179c4b8ad6a2e4aba6d740d4c835d",3
"e58635da024cba851c640eb384bc8fad",17
"b5956402a24a9153484f4249effcec18",47
"0001d123420b59585627edf5a1292ae8",15
"55d294613e5145693b358304624e61ab",12
"64c51099fb5c06d727e8dd18d7f0f01c",5
"be6f1ba421ab9f66baa2771d23ddb637",198
"31b9cae1bfe81bc28e9b8eda55258da1",63
"d2fc951d3e74220f46a8be656473472c",21
"853db0ade7009a2872dc479f2465aba1",5
"615afe2cbc797b9f501742593226106e",63
"96e65c2597ffe9e0a582b7d385c5871a",61
"c21c299c4db05ea031f2f50421e67379",23
"bd2b799e60f673ca7f16a2516edbae0d",15
"c04e3ba28c560c42f3d4f6686f41070f",31
"a2d59d7783b3a846549f2c0bfa3658cb",13
"e6d79e5946997f425401f43adc75d452",26
"0412cc24e1ad6b835e85b3f45da4b27d",15
"310c4295d080f79e09b15ee634bf65cf",5
"b5403e3d3e7f5a219e1fbe3cceee2261",11
"205e9006842d47d1a2d1caf6a96e0c88",6
"acc4356047214dee3d0c0768414151a7",12
"9dd05f18619d26f1a1b04a98dfa32472",16
"3443c93e7432328a647c8009e897a10a",45
"a5ed1c3fbdb29651bc0b3cfde1a90b3b",18
"6aae9a17fbd9c7a4f55a65ef18d63320",72
"c8fdfcc0dfb84ec91a650b2be44a6078",33
"ab6b7b90747341ce39f82d0a22a1d37d",345
"04ecfad5772d2e09a84a0f5ef460536c",11065
"40ff8dd22b6ea76d8efe7c27f2184894",8
"ba945255fb4aff154706e5a5214f4910",8
"981d50527849be02d1281af70ea80181",56
"7ead17a076e7b7b419bf50abe7eee3f4",3651
"89a8dbfdcb62ac1874651b78685c5cf0",153
"4473ac847f597164696bc96da74ca753",50
"5a0ae6a10829f1b6d01debcce81fa0c6",45
"00b63b1263d38bf30633438afcdd1a28",5
"e62ce033600f2958141afd70743ebd88",3
"f4f89681867f24ad1e3034f7d9fa8a57",21
"56d1a393cb65227cb9ac5e90b33bebbf",121
"f66df1898b46126275f1585978e60df0",10
"008664487eda81efa19f91d5910497e9",21
"573091d7ddd85f9c5f14a7e53d2ba0bf",5173
"2dd9e191a81b91117b77df5eac7e6048",16
"ad72127c01dac114c005c83404612b5d",20
"ad9018f80e00f2ca4b48067195ac310d",7
"22b545cd4650317c5335dc492e3bf8cf",29
"70a0e2ca6cee7a2f3f4eacf10e3c1620",71
"f84a5455a4f6fb3979f21796cdff4da4",21
"be9fef628832e4dc5a0bede614e031d4",6
"12322f15c5dcca422f121c2e90eb3566",23
"1d3c99cabc99926cf6dc4cbb5a615407",8
"8c0b66afb97f349c1fd7d8c624095c46",1570
"1a59d915451a33deeeedc22c0f710c24",14114
"bfe26190f8af9bd213dae054754698bd",16
"fa19a926347a2d40a201682b24a7c987",5
"33bbf1617f1e992dfe01f450fc8e6181",141
"bf3a1a4c1b84ea31505d1050de6beab1",15
"0e11a8e894a8d9a3241d7cd7915570ac",12
"487de539f50da640cd8914cea7821561",9
"406935768e3a2a5fd037bc8002237bd7",5
"4ddfecf6ecb6b5d42e544e1b3f95fd75",10
"32d0b229848093d86e4559e6d03a0690",10
"30eef13cc32f54f770165f14afae9930",3
"bc98e2330bfc147524b49d3c76465abd",51
"0356b8bf9fd15d2b45124228f1e8a464",7
"2b0930f88f47e2f63590d6e97d73ed0c",17
"b7f5af401f678ffbe9f7299cfa59e3bf",6969
"7f7a21aacf346286ac2ff371115373a3",4
"11060c8a148c0447090e7851365067d9",13
"92f3cdd6a2d416fccb87db3677dcb137",16
"a046f953f61f921a05f0fdbe45e30675",10
"1c2b8892a0d7f828d72808cd01cfd199",58
"8cc997119bbcd40fe249962adbf6e86f",44
"5688e1cd6b05ddbc42441f2e52638549",3
"5987ee04c2b3d30f6601e86d0ae210ad",7
"93b288d794d13d6d171700f009d4cc32",9
"7e6d59da18bb1de873e36312b9554255",3
"51340acebdecdacecee202580ecc4c7b",20
"acb6ec526748409791a77dbdce5b5f7e",9
"9b59c6cc7c6638b7b9380ff51dbb4f11",12
"19386012f47b4a8d83f8fa168376a505",77
"e3620a87443a142150a1b20a237c48a2",67
"599342f02044221b535f8cc145bedfa2",35
"21d24d87336a5ed939c13da81cbcc7f9",18
"ba2f35677c730be326da76a2e4e3c696",13
"f64f4c952d00766db152b356296b3880",10
"83ee51bdae5543e35614377ca2ac179c",17
"90aca794c7e30b8a77e87f13ffc9a5cc",38
"466cdff6005dcc2faeaa225f5048174a",56
"3a7bcfd3dd1c23c2efae4b6b3fcd36a3",7
"811a9b1466154c4785a322b5b88c19fb",6
"e96a18c7e3d537fc5fcb8f8ed70414c9",14
"0d3fc48f1e86ac6bd5e4c13bf453c704",7
"41da1f67db882e54aa2020701805031e",31
"67ca78638e95eca768c0c1da3c96761a",71
"e408969e1364ea04ed53b5162b219a87",56
"6952657c7cfab450a9b895fcdc5e045c",13
"7a9415723382f308ee81c45673470c67",42
"6472eb8b1e09f892aca2f23182962903",16
"d829bee4984f82ffc2453212157caf96",53
"154216ffcdbd00e5dacbf88c3ff6ab8f",11
"766ad79b993e6751fa57322e3bfa49e4",53
"948cadc1d282b8b41c73e208b1c7c9b9",144
"1583d8af9fd9cb078f88c0e1a8b8a888",752
"d9d84816afc019edc05e98444b7434a8",80
"66206d59214d8cc4ecb65a71e9350c9c",14
"f3c1ca34447eb5b71497ca1771c6206e",22
"77d6bf6255bc505bf1ec5eb6c20f3628",3030
"d6e1c9254066aa703b86e328ad641571",75
"9b3d78e5430ebc2babeb36dd45b5d538",82
"4688dc8f5a6ff71cc97977d014547fac",16
"7d74c4491d2aed74dc14cd2ace8fedec",70
"c6a33d143b0b1bcf4004c909a4af6aa8",65
"d1f4babdfa6aa29532c66b9b1b30c201",24
"f58a6c4f95c830833419f02acc50b5ba",44
"bae648a3c594c371c55e952cbf9e908a",4
"ed679c8b2225afeab7d2cbe5e4d9eb1e",29
"5cbf299bc5e84aa98007f6e2fbbffaa5",9
"78d965a900ff7e19d546b879c9b0bf12",42
"46b0c7d8dadb5cbb6c70be8be041f767",31
"c5f68e0c74d1aee755bbb3f9160cc2f3",15
"1af01fee8813fd999dcb535e3d78c7a0",7
"1c7938f15903362314a2a8b0b9386566",201
"6ba1d7d2757d3a4feb261f371b29cef7",29
"434bcbf9798ab474aacbc10795456474",26
"729e7a3e870b7f34b0775166921cdf8d",16
"64fffa7c4c1c182f47f159e58bf23e62",80
"f742779e9fea6646130be9038c4f2818",15
"25c68771897aa69f580b8bdfcc943e0c",17
"7359790b9124fa0457b49a6c8d6cd57c",15
"4b6c6797771dfa22c6e22963f70c1ea2",613
"f57d5334471ee30b7fb5df1e82719754",159
"8ad1619eff24bb32bc866fa18b4082c7",219
"1688c04326cc1e859932a21293d8f2bc",21
"b6b483c224f62142dbcf347479df8d82",39
"6bd15350f78fd79a77e542b0f9682247",3
"e396d0c9b61bffda69db090e322e8ae0",20
"fd8976ca92f1c91a9649888e140443f3",8
"90f44084459949dd4fd965e1fc355026",138
"406ee0577d84e778372ca01e5228f885",107
"a9d356a404df17e77a532dbd22787d70",10
"424d10f13e0ca101e4f92ef6a9edc70c",37
"75d1cda94624b8e8673f37d45ac471a4",19
"c0733b6bed5ca02116a36bb979740d65",10
"561ca9482860ac8ba0531e4826a57c35",109
"4fde8686cc9143073e77d4890ec619b4",3
"b4626f6f1fc371121aa5b25f0105050e",73143
"a9c9f0f3e2c02883353be509068637ad",84
"c8c27a035962263a694ca0f67e6c8012",8
"720f6b7add2ce31aa2685653f8a542e4",14721
"6878df7cbeaa4e7c44c2f36351915f73",6
"4b5468751d425256aba986b78e31045f",22
"79f7d74af3687eeb2e579479ab90377f",16
"7f43f890352653d9294ea08cc0cf4a94",6
"944f13689c74d1e715ef3e3fd03d6b5c",13
"7546e0882a11a8eb7d8792699c62244c",12
"73d8befc187b1723f4c7bedb9ce02c9d",2
"0bfedfd3d215cf73dac75b71e6b84d42",8
"2b2e8911a4c3c12cfaab96f1688e7896",23
"a34bc54c159344748e042942945a7289",3
"fe61292b791ceb606cf2600833588409",7
"1c1eb967639f2d2a87ee6abcc7c3af65",29
"c053c6bfc7a32d897d3dcb5ff0205190",73
"46669aa1f65bb88dc6d21a55c8247450",6
"035c7bcb02a46abb955ee84b2e89a211",73
"16c7c8a778b9f2d8bb41c29f29da9c03",20
"6158f711f8b2415c568d5da73cfa04b4",28
"5b15b19e933843fe3d5e78cdb6bba4b1",10
"1d26fa3cd722c33791520a9494abc86d",24
"1e66b4f65ef9d9482692f1e338ceab61",8
"0b354fe04fde373a9e2cd064ff1d424e",18
"171704adc53bc39e158c2511d1369770",9
"cc5c04a0111c5045238a4fe9be8742cb",8
"97d842a19da578f6d203687c407a976a",5
"4d4158f111abb8fcce65b0b0c2c00bee",5
"928b67e64faa0e5503b45c9c643bdcdc",7
"21f95b97dc5e375731a00a6b323a8d35",64
"5d31d3d0713b243984dbfef3f8533cfa",10
"c0e72d156ccd9ba61bcd7e192f0a5194",31
"5e5e918daf4f33b6934734c5f5df4079",3
"3ffe57619d2317c96d137e2cd3b7b39e",39
"6f57d97c3f9c259d4f311397f34bc694",29
"b4b55462fc87503bdabeb19518353ef9",52
"1e5b6bb3479ecfe7b909d6db51ef9ca3",23
"fd9d6b3b6e91b427f130a704a3919d2e",45
"cf050fc71436490022f8f6d433a3224f",37
"7ac6bd9dee5ec9fc4ccd70a40fd514fb",3
"f833fb830848c86fee4058ee42a8287a",50
"b0878f89bcd512e9a8304fa3dfc9d60c",33
"8a203500fd239077b2aa3e61a5380043",8
"8f7eb9ea78e61c8a75f0f84d1b095145",17
"502419a4a0d188164b40db1cf6722742",7
"cbfcb1e2056c6de8ed733646b8798128",11
"6de28a6655c750658510bff58ce812fa",99
"ac74eb9e18ab45ed560fe7ad979e3b0f",5
"ca8f1c260ac18a133685554fc1089155",9
"6945d94103ada823c2811f2b81c56ba0",31
"28fd36af79325c1ea98d081e8af3fb6b",6
"ffa99ab5e960df69a8449e2c199691f2",49
"1f85d33299c89bb7964615900b06554d",14
"c33962dcd557a1ec8a92ad5cd23667ed",15
"490f7022ae9936cc74482d629b706226",86
"af27577de5edb10c09f7fc19b9ca45ca",9
"8445499c647e84fa415763b46500feee",85
"8786f1dede11b5742af181b2132b4c7d",49
"6e0f9d60b3729c86b31a72bc587db1e7",58
"6fc447635299cc152ac257aec1611fc1",3
"70a60612f186462ac3e8cd7ffb50690c",18
"c4fc506483f64a3e49aa9f2cdb291035",20
"c3d4b58fe1f20b718bffce1c0f193134",21
"fccd274e718e26b32c71f188d97d9e59",76
"3a8ae95da024a129417e3fd2c3b85326",3
"932036ef981e933adf66a08b0d7b0acf",36
"f94b88aeca4b91199aaa3ea3342c3b12",4
"07fad37e5b44f17af9b7a963b9755d3b",33
"1dea127f76af536b117d402ac28ccf94",21
"93fd085887b6a3c0656b30a25296be32",12
"a820c0738d25a6f83116fcda1c3473af",26
"104cf7a1acba595d199dd07dda5e69a2",2
"86f8cfd793d1623da43465f4419f83b2",68
"568704c86381ac651e0dd370fe61fc51",13
"6fee41ba205d7849bde7956af4495ffe",10
"4c7ee02f33f74f094d48b86943c9ab11",7
"ed9e92fbb98aa5287dc430418be4812f",60
"1c5153b6931ba5771597008bde4b8e5c",51
"b7f54b159824ee27873ac10c931c3bcd",35
"05789c5a7fed16de1207ef0615729d75",21
"1cf1199063535130e53b7ac079fb6b04",11
"9023eea100eb848bedf3f886f9ec08f5",16
"04e05cc83e0de9b9c95157ed261087f1",63
"53be0bbe680898a33c0ced23a68d1287",2
"f6d10641b2fdb2ad9c042ab2d8314c35",56
"abb47f7cb870389260b31db8c2f217a2",135
"42e9464e281f53ba8a4f84d59d523431",50
"0ba0d4c5a289facc80e0e481377a9e18",8
"8a83da895f30577482440adf41ccfcf0",369
"4725dbd06f0b64941a3aee9c34d3a358",35
"d5244fee2eb374095caff62a207aabe8",277
"aa5631f5d83e474773bbec18a4dc887d",14
"cd9bccba7f7c9aecd8eeac841bcb72cc",11
"b449f5066387be07ee577a95585d45ca",105
"39986346b95627054f6d759b856ea132",12
"a624e4374c37120e9a301ddcebc4024e",4
"36ecd054f5309a9658926a0926d7ee82",11723
"219c681cd2efff552e0a73c890ca3675",5
"4ae0c5983903eabef9c192cde863459c",42
"65bab5a662636a01bb1750d4adfb7e5e",18
"ec3afa0a3877fe800a8c48e8cd6fc237",28
"208c265e936a2d4963caef61939abfe0",54
"c2c29b398875711899ca7a12c40d7602",15
"dde9ec9b1edc9805b82e2ed823cc1d37",23
"068623a176a72497725417ea0f444d97",17
"e5d7c613e070acd51010e3d7bfbb96ad",34
"eff8b7af2fe3924fbe2c905176681f83",25
"75f180de12889cbebcf67da68252049a",129
"fc6622c636a5210293fb2873fc4761d9",213720
"2158f2d56f88adcc4c3b72d15fbadc47",39
"7c4b92aece7537bd031d7ea389ebc17b",26
"cb8a7d766bae28a02929887d55acbbf2",33
"38047c8c2823630951d36c2db7516898",2
"825a3a273836f1477e114195114d17e9",19
"58a46ae47f3cf2631a37dcf84530d4fb",8
"b16a277742ab844c73fa001a9462e935",4
"7ea4b157e51f38c83a0693ce6ea70f53",14
"d01ca6acf9e1b0990ae38e804a536932",40
"54426cad4ce3845800fdeeac56ce4f48",15
"6574614abc67d8a6903d6297e42c34de",6
"e9e3dd9ec26ec854537044b9ad34a6c7",350
"62727dc7f1b9c5878de3da94b2977f05",6936
"6ca5825b481071a9e4a17d194b40d243",62
"70c62c6a1e03b61518bf88fdfe833d5f",11
"c3fe6ae58bb1e240a989dac6b2708532",81
"cb0de3f92a0bb309ddd28a9aef2488af",20
"842e212511910f7f4eeaa6e3bac1362f",47
"69f725308037b54b75a773525a82490e",6
"cf3381318906e1e08f58bca905636dc0",17126
"bc19b51c3a5a87cd7872caf1b70eaa8d",40
"666a37cedd8dd12943fcdacf74fb3a32",22
"e733aeb589d818f1bb8d908f17603ff3",35
"1cc7ce7b618f7998a2934895391afa3f",17
"c2a787cf867ebfdce216002bcc8a94e1",107
"06bb3fa895e072e060638ec1131d0d3c",14
"c23db9d2cf70ef436f99fcffd4002e3f",35
"45a0d50fe5a9fafe677451fdd14e4a7e",31
"4f52240375c0a62a306eaf798ffe2e13",8
"e1c7d97fe13e9127d225d76a1feb8c78",10
"09b2aadbde89fc4e9d2a28a36aaebb4f",78
"7f1126a6fe20dfe3fe7226502cbd3026",63
"9ac6a4f21c1269ddef77a85d63272b7f",8
"7f5f81fc8c4f6cd7884c2877832c4eb0",27
"2b77359306bbc33b0cb6452265701700",840
"5c061dc8bafe80b5767222e204384886",16
"0d6bb2f2a1cb29ad755b9e54a5f9e48d",146
"5c556908d3bff25152342a7fa7bfb78c",35
"6aeccd3cdbb208abdc3b3265eacbdc19",8
"b4408fe0e0634bb196fee4bb3e8993ad",6
"f781633760dc7f5566873c168bc2e464",50
"d8017ec92d652a95fad3d322527b5cb0",36
"3f95aa1b372a657401dcde0038bfb884",138
"315543f28992a9bbe9f89979cddd4662",24
"7be86d144beb2d26a04a72f677225be8",43
"e4d61053c86a486c4949d229556954a6",3
"ed42c63e4a061ea5c9e3543bcadd1724",62
"c1ba7f7c0b4b5ee198aa36ff984ed889",2
"0d17941eb3b4281ee4da2a92a17f0623",2
"9c25a9ad3a0e86567e6617efe39a6a52",8
"5706b89358f87f158e659976eb13f121",32
"0d7819dfe4d6bebd0f015f719b594b9f",10
"7433f49009bcca4a3ca6cfc7db672d08",13
"04b8b02dd86522f055095c2ef17286ad",30
"5f0d012934640e99fea0908ddb3a4b47",52
"768b89ea7194cfb46f2c0b6cdc105ee8",13
"69f52490037224e281d85e9f5b597ea0",35
"a80b1e012df975f550ee514a31c0115d",17
"6fcf9f26681cc6a107841fc38c1964e8",10
"b2c9848f4b3a3edd401baf7bc7695806",3
"89dc7b446ed00510b6ad6e1256bfc44d",15
"8dc1b91017f1639ba6927c2007ab3924",3
"416242a97b879ba25436eeb74141421f",18
"d7dfdac2af17a284cb9aa19704ff89ac",4
"efb784b44313e07f0f1077f7bfb51dab",7
"53524de715df4b8c53f99f24070990d1",9
"cb62c315c3bcf5b7413978bbbfce1296",15
"1a883863725eead9924f1c1ae4f7f3da",24
"f531f238b4574ed14e92e760f0a06ac7",9
"7e4cd7f8b39acde4326460b77f8e203f",33
"3b50e9874fa67e04b49f5a59ecf0059a",44
"8cdced3abd83e9520807d5bcdd2f54db",16
"836821c202c7961b6653258999ad1a27",10
"0c32fe4dfa552e58ca8ad538aa30ec8b",6
"20b8b331feb2f41242a57b19502e58a6",98
"2d00e465ad18c4731ecf9573550ac73f",87
"882992e16dfcfe581ae3cbc4b3f4a373",25
"6ee04ffbfaa7537f6d156764dbbc3bf7",31
"55711cc619cfa305510194e9dd01c519",4
"52207621b7a12cb2f9bcef008c070509",3
"61d96b86c674ec6276984c9be7a81efc",286
"6ff13e553dcfd6cc5ddca456a4f0e476",29
"ba7b5d03d6feb3245377d14103b5ce6e",50
"c206634596117951d9d46516c9a2e610",23
"0c2ca9e393450c2e9c12286b2d755d45",42
"c7efefcffc2d07cc5d0be1f920b80c12",29
"8f9471d0d5ccaffeed16d64a2f5a03b9",40
"2bbb28b70c3a3757e48663f4d0003ecc",48
"4a1084c36e36be56637f8ef751e572dc",9
"9ed98e68797fa0d875273c6556303fc9",33
"1b9bf42967c78a2efb74128aef9fec53",85
"60b0e0edada4c45c42f65fb95644f0b5",7
"709a085a22307a1130d946da06b981b1",41
"7dc9a5e23c642d86f34fbbf8a1d83dbc",103
"5e790d9635a58ad0a236f7f97c8e4fa2",9
"fd3e907759e6ec1831fd216eacdacf4d",13
"20b2a1cd685acf58314fb59252a14448",140
"fb064443a84660ffb42e7dbf6fa07131",10
"372ecfed0c82dca07822eb14dd9fd945",10
"b37853fc5a83c32e97dac16ff34aea1f",6
"19edcf531002c01b5cd832afbc8f3242",4
"1c74bae17666bf901fc6827c0db1e904",7
"4b961b84716ac167392b11929d702643",107
"a492835483d7a92b0d226e9a0e61c96e",36
"312562ce33611e742b6e57c7d754fbe0",125
"26f173c04574871aba8876838e2d9e61",151
"53c7f9d8585b53d204aa1139558a5412",78
"3d216411c1e7532979a3c7cfd4accca6",24
"5b4d690fee5d5fbaa8443fc4aaff3ea1",46
"30dcb608bac1295cb84e5589f439e0c1",55
"39e3e5f43e3032a6584ef83eb096b3b0",4
"a31d64c5bd9b753af270d4221b278a05",4
"babceed96edccbd811e1bb2d32804606",10
"aeb22815d503f9d1d3687d316d8b66f7",8
"b20a5bb96396ea08495298fc1a90c26b",38
"90df9593d04804f88a64314325258335",73
"b626a6f92681c45c34bfa63ff664a308",24
"4c58968806960eed855e09b35f596ada",34
"9acac4bb73ec9891d7c870c59a6cded1",33
"a5dd8a1fff1b8f3bbf873aa24bf26627",14
"b1b624de70e1f90193e7e7f4490b984d",23
"d6f90db5fc03f64ddb4a1acbec719120",17
"82dec3eeac5d034d118bba43fddd01fe",40
"4856e07a21f6a60b639fa9c694687d95",10
"1245c00a27d62bac3ffdaaac5eceff16",28
"f5abc65528e5d615f8d3b2b64bc73eb6",22
"0e988a799991e737129af946ab30fbf0",11
"66054fadfdd2684107b93ab3a0317f38",19
"aab97b22e26169335bd931f32a9bc9b1",86
"bd0fd792491b3f8a561a79da2beaeb45",9
"aec6518fa02b565f7f4ee3bff12abc48",26
"d5487cfedb25982ae9e3a07b9acfe46c",19
"fac32b257413ada1bd996142bcb9fcdd",5
"afa40603e6bba804e387b631ab76e2d7",6
"aeadf3d58e228e697db2380f99615bdc",40
"d6680d977f3a40058a3d5ea477ea7fbc",113
"52893bafb3e83a2278ce569de7c8ed4c",198
"de04420f81d8d79ec54a8133f93ffd5e",10
"a3fa99a3c88fc1d7119291670c01cbf2",25
"5d70662690d1eb29bfc0eaf3cde369da",7
"281353fa1879705071606858a5b76efc",15
"8b81150ffd7d208ab5aca1f92c1d95fc",15
"fcfacd251bb4f0aaa55b2233fd97fdd8",3
"dbf891b81810bae2731119f803bdd6e6",16
"3d6da4853055ccfc80db03cefee88f5a",45
"71286bd4c681abdcecb35d650f23435a",2
"1fa19a198819b145e52bb266e4e7840b",23
"d79dce6a5005c0b2b347df4d84115f3a",51
"6e811ee2fa1f5436776d846023d60f96",19
"417a35a36c2dba526520e1c47989448e",37
"70be903b9d8ed78348bdd8af3a542cd4",15
"2209eaf05e872d2f860b171ce3e432f2",37
"8befccc59b2a8e4386a2a4cdf197ee58",74
"32dc5f21954b2280bae966c67cb0090c",25
"e8b43c423675fc1edc7104b73a803224",12
"d0dad971506647d25b7ec3c857964526",28
"88e1f8b74a7ad0ae1fa549fbe04dfa02",9
"443fd1bc1c58f2a456ae6c391dbd3c4a",23
"b33ad18b61a4434ed227ab0ff772d83a",117
"2d16d001e21717f960cf771ae879b1dd",8
"396c2d79acbe8883549b9049dddce9fb",17
"f09acd43cd89f77a5e47d94f61e550a4",28
"2727f819185a7e8993f13df355a399fa",43
"a6199fe428aef5ceb7cb7e6f2e884117",9
"c756ca6ccdcca2136a5e44d55982aca1",14
"895e701d91c4a8a36548500ebe10fef0",5
"339175addfddca48aed5bd6ba29e77e1",48
"57b2b273d16c45932fc32b18e37c4604",9
"c7bce35782a7d91710b443296189497f",39
"3e8e5cef018dd872de4cce2cbe6dbb4c",19
"5cf37e80516a615f77bd5e97f18ae417",154
"f90ab13dd16feced1c93a5cba742d47b",6
"e2319b6281e012202c31ea8de07a8205",14
"b5c8ed4496d79b916859402cdf11f0a7",68
"97991ce469a1cc109b514c89920eaa50",1077
"af47c1e3ec750d0f098a618aac0cc261",37
"989bd0d39b46393d43ef36a4a3328b89",46
"d5f0c615420e9c9e141081b35786de0c",51
"910787b53f5bb497ab9afdcc5474a21e",455
"fadc4a797293fbd52e354df272e76f1f",49
"44349931377434a54bb432488ce41d8f",46
"e5eadd67cbdffc5dea17adc4c5b7b0d6",7
"96e7634d62c14bdc4fc41fdacad823a4",17
"0a165844daf38d8ce2008c94a5b4565e",17
"a8383bac421a40ec482369c6e14516f8",24
"4ba6a3cc7156e4b8c90e8d8810164995",5
"c19c729a600b2a3dc5fb13da0fe4bbba",8
"d6efd2da2728fd74ded268122ee05036",48
"46755689bca0d6d52da9c84aa070dec2",17
"a659195bf1bb17e88b2652c2b7811fd9",70
"705aa7a1fd2e4536377e65e9bdaffde1",19
"d7031e2337e849ace81e7679c2f340b8",3
"b2e6cfc5a8c93c487ce7caff7ab46647",4
"027dfe7246b34e1aa394c50fa7216e5b",108
"9e6c74996690d3c5e03f3c1ab168a2b9",27
"c2126690cd0969e8748e3481da22994a",50
"a8a07adbf1711b6e2e6ab72b5466a8e2",6
"4a48b9f7c9b07f9987ef052ce07240ff",5
"d732e56d9c78742df592a96427b45e9e",6
"02f6bd39baa585fb8d0dd1d8bdebf5fc",14
"97e1abe920a56a8d666f2d69e6e9e6a0",10
"48cc8977d2f62f22558655e3a53d2300",18
"92e2e8a9c0d73cccac76e8c1358dc6b7",11
"60b4f9c9d90af6260789089f86b6fcf7",8
"5fbbb9813864670340a5b78b89400202",17
"91b95000f11c8f9b484858a894c16e71",3
"7e8a6238d2b8e06fe07982db5f2dc2db",34
"336230ea1e60933c9e94743258a8c91f",18
"e9189d54eab141b06929dcf21594f4fd",14
"9bd6b38174be13bed4d2888dd7a8839d",17
"1b03d86a9059ed4cc9dd84b659d785dc",28
"e7a0f1eac2295f15f80b2af3fddf2a65",4
"a1b5c22937f5d5a044f7d3d1769975c3",19
"c252990eb4976c5a815ed82348536bd8",34
"14a0e05106135e35f3516fe52964651f",193
"1744f4c8c449819fa00f470f31eb5ab5",110
"4b6e46783e91c327ee934976a0182af3",36
"966184481fa13a417278aee28560a9d5",63
"1a9026c0db37a8a5aebd9c02957937ae",15
"ad1bb641fcc040a62b56218f3b57af6d",28
"a8be6fa1de23ca2aa265e1c5e2c663e4",16
"0c6be51009a34744aafa976a09f2e3ed",6
"96aeb9b2f98887f9a01807f38a0f5c97",30
"cd60475ade4b5ef17dbe6dd673619067",12
"2868e72e9c3ccfd66b5eccb919b6f764",7
"eb111f6affba32b0f5f0f8eb6bf34321",2
"831de0f796ebb52a1f13acb3c9efa23f",12
"303707ebecf381b8bc1c7c6d3368d20b",6
"72e846b5b81ca3ee6e04fe550eb5d367",5
"eb53690938aa204060b14c0045c4bef7",16
"7289ae8800c6980fc6c7a5e03be1ca98",19
"10d81480945321b5bfe1aec03e4a8ac2",19
"fb939def0285c66e1d33bff3d71acf72",13
"ff6e7f8bb549dd47275e303dbebb1413",39
"0e18a6bc90dceab51ae4e0dc0e0ff6d5",22
"64091cd9d9f723e19dbe5f33349db70d",25
"24eb4d967bf09500d28fe1793c6989bb",54
"5c598e0b9ff3db8e0c17843e92cc39c9",3
"f2fd9d7b74d80ad0cc6f3439e6325d27",85
"feca81a7fe343c148a92304ce19b0084",115
"ac6f84540103cb484f7c16707e688792",228
"c26339c437a994b3c34b0109f3eb19ce",16
"09a65af092a467d65dc64b9d40b83eb2",69
"25bb5461ff8cb0a0191a04294eed8e8b",37
"654149eef0b217f9e643350880296727",76
"7046a4991ae16605c2f894a60d990257",10
"654b7b7c49d93d53082b47a8b7bb47b8",37
"914f83420e435ce7403526aa774d0159",18
"f040bf4cd4f98f203d78e56842a6828a",6
"79ccad51c446cb1a0ee81a598238ebeb",30
"2593863ce2823a7ba75cb00cf554ce2d",56
"ae4adb8db9d8b5968903c251ccf4eb7e",14
"d1c6bd5a65df6bd1833402c40608b9cd",2
"6c2ab172ab91659dbe3865c81f79c92f",22
"0373b989f839d669a8aeae089ddd81a5",14
"dcc36c2143612f3a50b6330c3de0010c",9
"e0dcbb356c6201f6a04d09a2dc55ad1b",18
"a7218358734c683da27f99a0f3bd1c0f",12
"708b227d36dfa614ec7ebd8c50033ff5",3
"a89174bed2b4a98106f3733017478762",15
"92cbfecc656d3b4e7eeceaf0580c2ffc",6
"c0237e1bdcd84d3ae21131033ba2269f",5
"9267d2bcee535c2c28a239c3d6099235",77
"eee6805c94fc55dd598f77d38eb876be",14
"3d9679ba328eb5444de3c21dfd131231",63
"588f640318d81ce42ded3c688169f6b8",13
"31d2b1723a5cee20690de207d945cba1",13
"da5579b36e12b0967d563bddf4bf37d9",6
"e8e135298bdc3984e7752cfa88df74e7",130
"ca5188a51c13c60ff2e4b13bb08d81a2",8
"a86091032bf65639a7bae7d5232f0378",10
"065029378177baf79f6b7ecf2ce2d5a6",8
"95a9e4c38428f15261d2b698936fe32a",149
"f845966ed8d1266c54ee7b9897587097",70
"2adeb87cb345853c887b8ee2e4aa2b59",4
"42a44ac03ae38c87f4600b8b6d9f5306",7
"b6ea3968465774e1fced18c8fffa6584",17
"153dbeaf394720cb0dad6d2714704a53",6
"bd3c21aabc019d883531d69ee14c350a",15
"d1958c9e03eacc6c4a4796eda1a6f8ff",4
"083cdf90d6baa588aec93b4a9961e322",27
"ab6b5b7eeda2340d4ca0604c041d35bf",4
"a585859149dd125e3a7912b58bfdbde7",9
"1edfbc02ee333e4c85f3acc13b4529dc",7
"899ddfc4ec176eb9a80b40d918e77851",17
"0308a5666955c70259f405a1f348dcf2",3
"0f1673eea1ad973d342ef791e53d07ab",12
"6e79bf079f4b8bd0d4e1ff6ce1012606",3
"cca241eb8a8f3bca8b576816ab5e2c11",96
"dffbc828b712a1e39c106ba250e121cb",66
"74e0b3167a982e4b08cd65ecaf09cc48",3
"827992b22906f7a8b7f7a87580b21cfa",132
"ec9562edcf3986f9a56ee377d8ff737c",163
"fd66bdfb6eda9ae192d2643c04d3a7b9",22
"478767f613ad85ad3811633a8b9821b1",6
"7911816f5e81f650f769aba0d5c708cb",3854
"0a3cf58d4ca062c13d42c9db4ebcbc53",365
"63bad669847ef3661a8223e6ec1040cf",33
"13a6b08f7caf6964a9fcb73999d152eb",41
"9e701e82d552ee66d9007fa3883b6560",58
"ce7259b9e793f652dba0589910ba9e55",69
"21d681c053e463a9db7171f44e7a4a39",197
"4a0b292ba716582f9af46694458c0b9b",355
"e1b2b6ae4af6686429c21926cc0314a0",43
"11d7fc9d5a3f5ed68cc8c0eabbddd472",20
"16d13ed513218adc8b205a10b716e08c",71
"b3374a18104487f61cbaaccb1e800c52",89
"08b8a15b14eff14d16e148e67c7c6241",10
"dc75fca84c83ceb7a4086be34d5998c0",854
"d5c369ab702dd5f9276c9beb6d5f67e8",11
"03ea0c968b457b0a67c3632a40f1c512",85
"785a30177e43a745376de64c2d4ca633",10
"5a33b7b70b1d4f370fc4ff97e3c3a021",18
"9673610788df4d831f2df2a9651372b4",24
"50a976827d579928208686ec0f2400a7",37
"ae69d9cc360984d50eb55a7aa712656c",29
"ca91af83731834bf1bfa9d3f4d7ac995",3
"5989fa81f51fc2c1311b1deae6e132e0",13
"6962f9273652f35e86cac5dc34a3d4f4",17
"14334950580068dbb0950700177c2e6f",3
"b19a11bd6a1d3ff575279661e3d9a0f7",39
"873a0d6e3b18a2ae12ea37bcc2b73fdd",9
"6a352a4591008aa40bf88123a3f8ea86",42
"863082d3d9a68dbfe011b0ef04282b58",44
"922127e8941f1b9de0469196de749f65",66
"3be88f8274c425c665730cf05ea1ae4c",4
"f6de5fa37cfab5ea1c55fd32e77984ac",2
"6d46b4d3816f80c9d32d7f9b5307207f",21
"6ebfc5c118c570b53d9bfa3c7cbca3d7",12
"f3e8b73fc6a41d5dbf5ff87857f191b3",14
"0d9379a21135a1eb016f90ecaf2ebce2",14
"d707e305239d4086970b644959c073cb",32
"cacb57f292fad52ac749349aa44cee26",22
"aa53baca502e3b4e4fcfb1bbde046263",37
"802e2727f9f3c48e0616a6d9d7f944c7",10
"fb2b00a8282741f54559c37f4ce69e20",29
"f74372884f140531cb2a964c8f44c974",37
"6dfb118aa8b73ede1bdb71dedc23838c",27
"a6a2d9ad501285bc53f1b048c07b452a",22
"37b119d1bc5ecb04a8f13c69a53cf6a4",9
"a8f3a7ed4cee30403046858e311c9ddf",7
"cb101f7a495fc1aad223ca17ed0dbb02",30
"66baf8123c181feabfb187431ae84084",12
"f5c3af61fc5aaada982f0eaa4f2c8de4",87
"0fd4f535f2c01c04f63d963f0286a09b",35
"48620d141703960832243e30d1933ba8",83
"c5eaf8d13cacabb7d8c16fbf742e357c",58
"e335f74033bc634af43ee6baa84fa247",52
"f1eeb951a51534cbd73c5ae9cc56397a",21
"71822a8caa2702fe57cb797874c8bd4a",30
"7b4945ca340a8718f3eac633e4feb139",17
"d6bbae6aea70ea4890e39e3bc3282e72",41
"c6e15b0e1f9c4fe1ad7195cec73a28cd",52
"fe66d659ee633f4a9a2a6ea33e1edf76",38
"9018b732ff8b509411bbd08f620e2249",4
"77a21b9ea52badcd611d641dcb9b39ed",85
"be99212be96abb3aa58a7fea3d302e1b",20
"300568e1ddcb6356519af1a75ab2df4b",2
"c7ccf857e2258979f6e17e59bc4b2199",18
"9048d6f1c8112875d0a3c2f5402343af",26
"46631e8a1416b10f5e15e28f6f7c8ed3",55
"99d2ce653b20dda420610135da858ce2",217
"60b0d5936eb505b8e4ff90e3238acdea",36
"3e762f18e3ba9a63434160de80a9f74d",8
"72ae78c3cce8ad073a58287a92160f34",4
"9ee9d7f1e7a96963f1ee2668f858fced",31
"4245fe74d6dc62e222f933d3dc8502f5",37
"00250e4a9d4f542d986024e1d3f39698",30
"2ddd42722497082a323c3317657ae6c0",62
"f42309a74e8f72143785a7207584b6f7",60
"203878e9d152bb2a951df16f07645d2a",43
"52f626275d6df4271fc858221efe9988",6
"1b9175ea4e4774adc7da0c0e202e61d7",14
"1d2713b2432637d4fad974441e569528",5
"304a8d1fb0f5543cf1c23064bfe3691c",70
"c67ba62f34a05261ea7a810ff643a52c",5
"764a2abe9af55b1105cc2f8353b2ba16",118
"a80d483143f7d7a3cccabbd5344d4338",18
"41f3f39a0335a7392afa80327caf0f77",81
"7fae613f7cc102eb5599d1caa6893bb9",14
"14d0d57ff9ee90927a8c2ea4bc946ba0",13
"e93b313352019b8113e7fc66bf757917",21
"c7effbbb641219be24065cb2189b0fb5",3
"2e0153baf73c39ef129e2b1f30eec231",28
"7fb08fa9b7b2eef6a3db57d0de769227",433
"b2574632cd105083065793a728d40c81",4
"3e50347c5ac0537609d6f20e15a1492a",28
"71874555bd2086c8cee50675d2e8493f",57
"7fe7603ddd171c6e27706ff8bff5352c",2
"1c83083f163ac4a31da7f21ae35572d6",7
"749030964e7a0fa4354914924d5e3ca8",70
"3205533577d9d51249c0048688b8e684",20
"6f7523f60dda1acaec9d6a6546253a27",36
"db121d860d2d1858801178e4921bad4a",9
"6ccdc1fae1caf15e4376ad392f803fcf",40
"c31e5f9e619e3bf13270587d9661b2c3",33191
"83dabe1ddf95778e72f74567126490e6",29812
"74789860f1592ef98dde681a1a9385eb",48
"5178d60c6d91150cf0a02be932367714",14
"328f8c99f4cbcd50b24e81a1859218df",69
"99c016f0143cf03a39a619c7ec820dc2",24
"ce1efcee5150e76f573976d596503da9",17
"3b9f5ae23b70428cf1e2b59344147c0d",28
"66436f19bdc2218160049232eac71f38",104
"d2a6ab0fa1661a4dc6c7a24c48f82dd7",133
"831309f3472f066c979497fd738bb514",5
"827379bc055ed06429b615d07ef12165",40
"999fe3f2dfb7f6006f00aa3180702d7d",44
"380ef192275401ebb2f90ac8b1eeb22a",4
"0044f1c07aeab2dc77b2bc08da67aea3",7
"ee02e9f6761a25155c0b1e00753f0fa2",80
"1ac32ab07af379ff85e227006d02b092",47
"0cc1b2296f28f46cdf48adf417dc267b",4
"516a67156dacfa4341327a7e2a22f877",21
"5e1b9a1b247f6eff58aee22d086ba494",65
"06c74f3dfddd27c066341fb4a536880e",11
"af7aa0fc0488b52a0b2f03b235837079",146
"79628f40c40bfe9360445221c26da321",47
"303fc5ca9864033a92a5360e445c8593",330
"b4854a049fe8295bb7b80e5bc3c2488c",80
"36fb5c37c517ac3bc62513a6c4084fce",18
"2d88abbf2cab11a9a6dd1a80e2ef80b3",6
"24920945eaf15b10bda3893627fb1ce6",33
"c5ea8998400dc95145e8e5cf6459ccb9",46
"cbd0d5c056928faae9bd087311b9accf",1386
"e3b543f0324e77f2ccd25db31ee54662",28
"86748e6e46eddb955f6918863b3cf191",13530
"6277fc329e7f7c72b89fee3e3464e091",4
"2665c74c0020d0c0cbbf9b9f1ba86e7e",19
"8d64eaf3bd8ea1f350539fb2adf5e59c",12
"437f9882b201e6d9e05f0806def4d602",19
"b1741ee9326a7063ebe030356568d33f",2
"0b930b5d95444c34e2a645d4684e3beb",36
"f91c7f3af3e7560394c1fd326c699c71",38
"85ef32b74b9114ab57ae5cab6004ab73",22
"c7b107d06804d25898a662fbf075fe8d",42
"cf8054262e6f0349c34d507d556feb00",29
"9420a13924dcce7da97545a42848688c",4
"15ef53386277b3c3c0b9e52718ce2486",20
"30a343c522a27c0ba22e25b80f7511fc",45
"c407ca66d2b20b9f047449a60ec537ba",10
"9f367203712b51b2a81472118226e6cb",12
"c2ce52de4b3c2810f5b70d3a7acd4ad1",21
"ee022ed032a05e42ec26519ecdd56d08",21
"221cc63232340aa27c873514bd31c597",24
"a2c986a214bf566478941f38bb50246e",4
"326a8be052d40ce9ff1ef9ee0cbf8358",5
"75fe2bb61df0a40a523699b9684ac826",8
"1acc5baa3e7d6f6c7cb0d83429fda848",74
"61499f89ed50ab38fc42e1e217765d1c",4
"3743204ed95273feea8a539e5e7706b3",5
"83168dc906296ebbcd2b54b9dfaf71f5",35
"7bdbe81cbd63fa819db5ea321fdf3b77",104
"f251d63525ed0cc98949c41a3b53eec0",2
"6a9c796a84128ba9209addeb03ab18ba",24
"a69202d19db7a17d451eea3ec7296242",2
"807a50dfaa25e3787a32e75a645dae61",195
"8ccb41cd5c48d5231480fb6e43a0883c",13
"111dd40cda16fd9cf1f833bcdd1c2820",20
"5848a554ae948fd5427b10f0c3e3ef00",8
"ac4893f1237ff74d19e6e9dbee85331b",28
"b075dabbd21973927c1932a4a67c10ae",21
"bd56da14bfef1ed59e7649e6804f9b39",23
"f0c8cbeab3e11f05635562df4e7e8573",19
"c7d257ed7430c199cb5f378580c22770",12
"f1a8f920e3df9b5163f8eca8a59ac472",35
"1735122f6452284cae1574c71c9a6eec",13
"59e7289380be2a5909212804646e6eb6",16
"055c3e5d74340ca59510c13db1dea94c",17
"ad38ae96214151fce59ff29618b6b761",10
"2f7632fbf4407904d60a4caa2d70b8dc",40
"b383a0f98e44fe8a7452ebf944105c48",177
"50b61d98f9910f0e4b99b01713498e83",16
"01934205b8d29df29c13713d9807c2eb",40
"48782307120574c67aaa25ec7ce686ba",74
"7bd6a49ece0fe42d1818e4d5815cf683",9
"18cf366c8fe0b2b6b9bf18adf216b4d0",70
"31c862c1b2e0ffdd72b11a0b50c208f6",65
"178e0ca733fe7d5aede60bafa9992325",21
"1f7f26b7093f9fb5c2b374eec57640cf",20
"4b977e1a456bc38a90eb33a9f8419a95",12
"8cd1b1877b59b5487a4c88c61492f186",77
"a7b110fb857cae4a82cd0e563ce3faab",7
"ad4cba5280fb47cbebea01e7031af61c",153
"b8c545c99dea06d010eb0bf2c6572d1c",54
"5fda6f43bdea0995d2eb1467120ca8ea",74
"f8a1b370237eb8f6fa9371969caba3d0",45
"5c06be3aecefb78c5fe4571ed258ecea",6
"bcc7db99e043103da1d6feb00552d30e",14
"b9ac3b0bde9c7072822fc239546d963f",13
"25fe23e989514e818f4bc1f680ad6da1",2209
"fae06aa3b8676b189fe755099ee17e2e",191
"a40c6cc9186e4d6cd58f6eee99ec8611",23
"f0c0d49e7e9f821db9c6c1f087d03eab",12
"00f7793b9e96c3365f6a3a097c56805d",8
"55e9173f99c00a5414d884d742cc0ab1",13
"917719d93221a6efc528cb357d2fcfa1",70
"53a542c5730d8042b5c532e8e3d48a55",82
"8371ff28afff9719474dcde96d16b5c7",5
"0d2ad5f846dbcc7a3c4ff4cb93f1c459",104
"4e3a68532939aec65620000d57892a6b",39
"3d0b8b98e55e92bc05cde313944f73a5",12
"31cef4565e266fc60569b18b1bb070a3",12
"b03d2e5ac94c7a0d115e5c542e9315e8",137
"be4df92f71a2ff0d4b863e2a08720014",23
"021371bcba21118a1be3fd19eeaea20a",72
"23fa07482be0cecef5099f933eee89cb",102
"e8562b9a9e42fda64d15ce7edd0b724d",53
"a547dc0eda6a78774cc0b46a9bb310ee",20
"fb80f651a70af6267cd873a2a8983c1e",8
"374ac723b5bec083bc279f250c051272",28
"554bbed8f05858f141c51deff2c10d35",12
"65641452be75528754b5ae258ba661c1",719
"6b8baa3a8ae9fd3419dfb176917ea354",13
"0ede181cba719902c5e1fa933644b97e",43
"6ba43acb03ae795b3e7e31f2be946006",61
"9e75d15ba3717ca20d8aa45e3c4a6bab",304
"761e4ad90c41e70326c9de6f01660458",18
"8df399e29acb5a583f449a82db4e17c9",11
"d6a526b572996ed919a3e009473bc860",76
"f7447c8e079023f4f2579d8580575dd3",7
"18916ff01c5cc30f13e73cab657abe0e",20
"a3296d3acd5c4533dea704f3ef251f37",8
"ccc9aa89754abb0e3054c9e687f76ba8",3
"56e65b2ea42621186503c8e792c32b5e",3
"bd569194c3d7c9dc1817718bf17a19b2",7
"556864a5da3a811b67be9fc73488e926",274
"942ec60e75a4f9183b9b69cbf8960379",17
"bd744151955c4cb05fe74ae3eba86654",4
"554345c10941538d3c323777253ee02d",514
"65fd484ec1e57038b6ba056c493f351d",10
"72b4455586688d0863143a3e0bb71316",38
"db3e3a265bba7bd07ae1f6c31e23e361",5
"d56947b7c7864193b9d6a5edd910be53",29
"da6e681d33e8d3472979ab068fd84372",38
"737c098d1007948d40e6cbaf904b72d9",30
"58172ed39d6593742521178e9029d29b",39
"506a00d1d793603f83e6410d8d583fb0",23
"2bd9309f2f97cae51d18d06ea1ca519a",8
"9908fffab7ed4f3bec44cda2f5084d49",53
"569653b1659271a290facfcedd0de061",3095
"c9b28f3a7814a6fa10c39171ca4dc97e",16
"a443e786f67086749ef29ce0ab494c9e",17
"092060513b07ad7e6f5c4329ba83c10a",4
"9ba8c23444e25d4bda500e5a2e5286b4",11
"6bdc5b3717e1e235393393258b50ea69",16
"454ba8ec5cb5bf0de22d8b765f36ed5a",4
"9845bc7757c672e9df183be141179416",331
"2c64cd15afeb5502e417c6acf2032d09",22
"fd496fd32dc8c08ade2e8b6c9d8ee13d",249
"9fec7bdd6bd88e710bd69b15692e54a0",88
"edc9e5c16e40aff1eadce6597940f08f",30
"56bde454092279f47b556883d5909620",22
"8dd234c32866c36fcc1200d890b97071",3
"1637345f45b90ef2aba65723fddc6151",5
"39414efe8e809129734b7c33d06c42b7",16
"09b3ac89742014e7a79d00520df638ca",31
"1d5cc8a75799eca3f5432c57716b7032",32
"683a4c4e73c6d4d7324977e95fab24bc",48
"b3d2cc3b9f0184830bec2ef73bcc6166",2
"901caf2af6660643460b245ab0595817",13
"e64d10a9c0a521c817429d15d5f2db83",63
"29fbc7e5021229480248fa7466a499a2",163
"f762f0cba6ce567a646b3e9b7b511563",12
"83e948f389f9d97b0c975afc880989e8",446
"e14a92bed01fbb26614f1043ea53b3ce",21
"e8bdaf51acf9da4c76670efe0d01b89f",84
"7d88cb85b80e0024b54a61e7a6da3bf0",202
"5ba96438a5b30f4c0972f5dbbe74c4e9",4
"1b057b5f1c048af522447b5cda8c6be9",130
"d91c46df68ffef3e8d1bae5919163103",23
"85c44c83eddc5d3028261a1000b7d0e1",221
"7c647b5bf32c3967bbf8b229e7f8d5e8",5
"cae2d4e4bd40d09ffcf668df6cf402ee",90
"643078f0284faa2290e9c14697d29c4d",148
"ffcd1beef68b56e896ffcf260acb80d2",27
"886e56dba953cc9f3163dbbcafdba7f0",6
"36dc5ea6badbe7ebb63fbf571aac7865",15
"0fd0d931e539ae60c0fba2e5e7f05285",85
"3edf8cdbbf7c9ceea49a44b2fc588cbb",48
"6c1aa71b2c9bb0fd57e92a80dcc687bb",34
"bdf8a26094624622d68509a87fa75ba7",8001
"d5005cd9668fbbd08d0b1a73c82d20b2",86
"0bfc53955875f8ce2b9f1bb5ce9d9e59",22
"d5d0765fae38a1fa3ad6e2dd3d6681b9",69
"b5c789ee60212a51a21da4869d6366f4",65
"c95140d96d3cda1bd0e02f3693ad7c15",23
"ad91004306c8ca8271f51e3bb1ac5631",8
"452248e7a8aafb89119755e904e1e394",66
"b83173072d39dca4df55548ae7eb8913",34
"8145fcdc23c05da1eaa10f826eafcd02",44
"f2851c07aeaa369962d16130e49e71a7",93
"a869f395161887b21fd6a08740dbac6f",13
"2dab469a7699ab4dec9b461a9cc39b87",20
"e27b9e73955f9ee43166443c005e4186",9
"8fc5247a53e0ed575b63c707c8b06363",17
"455ef048134e185f270b9413e082994c",7
"bc6c345a2feb70d3210ba7f89530c5b0",17
"7b9c8d4a1896d84d92ab4820edd025a6",36
"c9688ec731a46c4555fded50b147caea",8
"dcf7709ece9a68d8226f741b011c5690",15
"b08daab4096f1dbaa9761fb68ce212de",25
"e20e155f5f42e930c52f9890d72bea4a",39
"fae02a44c2095a99f13266b498a4beab",109
"2eff46cdbb4210da4037ac0ea1121de6",12
"ac17711efedeeff5f3a24c1abc8893f4",12
"2464c6882f43d2ee0d4495fddbd2a743",58
"e4bf7e5b33131a9098bf935450661343",94
"cc9deb3f20554f054b2dc28885718f22",27
"6212fbaff244c151acbd5f2b0cc786ba",19
"c2a658e75bdda53405ed7c32d2652ab6",35
"cc7178efaabf278258345677820da1f3",29
"dfe243480bd7a12ac249eb789941d55c",40
"2e49c6a75226cedcef77d5d47a881896",27
"0f6d439c1414cd46b730338cab50b879",43
"73bdaeacaf503f0ae49b6a974a8d8eaa",48
"775b6ac33d40f2f81bd449be35f0df3b",42
"cc01b118ccbe0f5f1f5ea185fef9a31b",33
"2e9c65db0ae9a7ab9642df8a54807a2a",15
"3b028f90dd1594c2f5fd97368d4e07ad",33
"b060079a052d8ef0971aa8faf2adb85c",177
"44947b653a2918d81d6d783e8f0d57f4",110
"e4faabcc6a06ce6e47294d5ce60d6639",59
"b39c979d707066ec2cf23742bc1750d3",44
"d677c14c0281d698c982b147ecc080c4",231
"204ff53c894bda89306687da3e0c3fd1",26
"b239e0101cda93d224fb0ce3c2d82e71",25
"905c6d7364b077c6b6465343917f9c74",52
"c9174fafe7a603f4481b59e9e8b704be",59
"5f1d08d79fd2be76cfe9fc8cd75496bd",46
"9b61560e5fc1c3c6ef04d926cf40e71f",52
"4c795b23d8dab6a5d588e61f2660cb03",45
"b07149b2084e5f869746eb541f9aa14b",69
"9536db8d9c0c8560bcdcc3740c9d60c2",43
"6c727db892264a6a8f4dce2aa1513707",35
"6d99fe36c7fbeef2e76ebd9cf1a3ad6c",66
"766f16850444f43a506e2453bab32392",9
"53c79a04efb96d192effe7cfe7465a8f",51
"c6c80535d25e7511e29e834a936dd9b4",35
"195da973dcec87263d4e42f8a7c248e4",26
"6f842a3ce7d56a49417a61b4c1a17fc6",42
"e278b81b3383cc3ef676d06e80ee6781",95
"1cc4a7aadcb92614bc739da8badba493",72
"70ba1e716a50f8dd335624b45752ff0e",47
"9554a46c567a9ac95237723d9dcbcace",124
"bd9c0893ae3cf98d5395119f3be3cccf",51
"09450a8b283adcfdb67b6847d5aa7b64",32
"dbfd9b7c0077814b7c85f29e002d8448",18
"f7ae20409792cc217ee730c5d6303c37",53
"a06c3f95df3ebc65cc6180b44f4c81b7",42
"9c4af2e4974e36d191739685fcb015ac",31
"34849094e62ca51869d545a91bf150ce",43
"9e030fee0280ebf9662c756bdb4cf40d",10
"d36ff5d651e9701f64d7b90195d3b95b",47
"5b864f552d585e26fae968b3cf866b8f",15
"b36d430102920bb3e3162e9227443cc4",30
"0ab46bab6397e17380a485a05dc0daab",13
"dac0f04ba8c53c4b0b20316b3db7c6a1",19
"9e1b1776cd5973bca311645149a85b87",388
"cd24a0915f66d42f295b507570c0c4b1",3
"9ebeb9358e621e99e672dca28078ccc9",18
"1482f0b7118379c3533fc4cd962743e7",44
"388fcc28aa8bd74b1fe6bb66fa696d77",108
"f8bad7a5a817eee2cd38735aa77a0d97",21
"c3dc4f0c71a5d2e1051a166bc4509837",53
"3910d6277e3ab47d3056948d5f3ac9da",62
"aafb6ca6537c21f170ece1de474769ab",9
"912e947ba465265a7202e0d70d271b86",2
"3888ae12be13e2df2654cfb411be1623",8
"647caef951dddc773d63b0e93116e01a",15
"0afeeb6fc383f173d3de95f6c1a590df",340
"470994f9abcc0c5defde870be8fe4008",105
"73c743fa1c43308c18ce62f98f7e95f4",17
"0563ccf26604a7f2df73724628dcdfd6",4
"a16114ab84572851336835b1f27de008",76
"1a2474b053ffca014b255018544f9158",99
"7c049c0a90dc925256e6b4fc7c81cba2",22
"abd5fbd7219611098d527b863f9a174a",73
"196ee2f96027cf42f67c036539898269",54
"e4faee1ae0286bf2a00c908a7566c0c0",91
"fc0a2be9f549ad2b0330b6785d6bda24",80
"7356e90893ef33226171d032650cd7e1",16
"5097b9a0d9a5471b50be36d6a56ef83e",74
"5d350caf399accb6cea59fcb276f003b",5
"9170143295e4485d2e413fc0f0116f77",171
"f2b6d63b2575dd08124f7420784097e5",66
"308df1fb41d807a16562a9960b47db39",54
"5d418b89cf14c9a0c2865848a51ecfd8",6
"1fb6ab5be1d427ef2ed5faeaacd60eca",18
"e8c1480fe1fb4fcce883eee9f4d3577d",224
"cb78a5c6f1ad095b4da5452b2f4acc42",17
"1945c4b91b36f7b4ceaa63bfbc9857cd",12
"ea4fecfd7ee01eab3e82750086a852ec",8
"a82ed6c1b29c9b158c95c387a5d1c162",80
"8f6bd73ff858f125f501dc14911fd444",135
"b5d0821c7524008340ea6afd6e5a15d5",6
"8281b52dfbde95b71865fd7fab8ffc20",3
"f751938d8417eb473d61c0b347cf7c88",82
"45e3696d78d57fc35094a6cf67e6414b",10
"ce4924a3b8f0868bb4111053d0d4b331",52
"5e72ba94b3cf6dc49f8de1e2f73355b9",158
"db1dd17a7ff61cf926ea9945e1a66fc7",78
"f7526df7d9356549d547e024d1c55353",59
"2cbbef50b47ddae1e318a6baeec96e22",49
"21b19f64e6affc9531a58a1611b5c980",327
"a77bb48c0e3c39cbb39f24eee12aa7e4",31
"104d80472b5c15a4820d2fc74be62530",9
"c2eab1f0d37770dacd7225155de3aba7",49
"6fcd262180c8ed5be73ee5f5178449e3",8
"5e0d4aee8102be124ba140f86bfb31a0",64
"eb7bf54fa70c59d6747c9d26098f226e",10
"16071ce16df9274bf655e8ad38bf31c7",240
"7f6fce86c121736e36d306e242fc6f30",251
"c9fc7e343a4bfbecddca398a7a2e7e71",66
"ca2fedb5f48da0f6a640923c4951e951",29
"86de591cf871a0ac6f8286456f86a1be",394
"00f568b7eb1a2e63f4d18cde51fc767d",805
"57f14a8d268f616c264651d0b9b073da",4
"d9881f9a76353f9b65ff6746853b89ac",6
"b303418df0332a1d31df421551280e6b",11
"0da2e9bcac126ec98b3bc08596b5e4c3",114
"9900252a42c54a2534f2fa910f1fe317",51
"a1f194bfd2f29c5bbe163bb2034f1e54",7
"bb7b268b26abb9b67af9bb1b8b009a19",11
"ba6c32d2cb692cd9e0fdc3693a3996e5",6
"6b9d59d447370b307969257fd46bd17a",54
"6e01181215f354c612050b0ddb7948a4",4
"605de6d3f814a16bfd726854ddfeb5e4",146
"081031aaf6bdc4d9be62ba995ecf2df0",202
"147716910251090219bc9afe5afb9fc4",13
"aac5107f1ddd12933cc2d4c4eda36807",144
"dfe7f5611a0485dc472d7f2b5f5657f3",67
"4e98a9860129dffd36461ecb4daee8af",127
"81ad3176bf02ba3bb01e51ecc40c1db8",33
"96cf4779be686036f92ee15e58b72d52",65
"4eb1425730b84c6193fb9db21136724e",14
"e76f6485a9c368fd96520b04cb14bed0",10
"6d4baee1c5b675e8e4c23f8eb14bd3ef",56
"49055a8926642ad934ee01650da59860",10
"dde68523b759fb1b196a2a20254e31f8",40
"0783fc96bb57ded4fb27ace51618e1d3",74
"2cffcf55e8b50478571f72d931f3c2e9",155
"60a70c9a31dd0ad589c02d6d6b959a93",121
"dcb780205dff9735d08f1a23c93470cf",15
"15701fcbecf8b280718656e482ad0021",11
"900ef5976eb89d1f21b0bccd3c6788fe",21
"94b42ca6b1ac621f4a37b5ac81a8ecb0",12
"03c51b5e257b8e286445b07fe1e7d80b",9
"b484195da5a669012008758c2f88fb90",9
"37ef11ff084fe58025e79f0480ab25e1",18
"653d26f1053a0bdfbe4acc36dc23a825",11
"b022b5312f30be684bdd2cc66030dea5",30
"3916a456bb0a3bfd02c15fd537ff5923",17
"44158349d8858abc6c04aada0c131da5",40
"a22d3a7e3e2041605447ca3d94170275",8
"0c3534a03d2c2fdf8fa8793408f02414",3
"bfdebe5d8c8f53fb102e0a8895ee692f",2
"eae880eaa9c99650e399d9b4eb5dd3b0",20
"545897c06d99e94bc65d6bab8099d98a",5
"76a2a89fb35336e7b117fc44ff915092",78
"1fd2648d7bec554a6d2612416da1f3cb",5
"923f521b9cf313f1f95c9367e09bbc1c",33
"2239a1ff8c798f469f9713ea2a5732b5",35
"f0174c0cbc629f47985f6e41c7002473",43
"4462189a270fd3f4c61a219293be4c83",42
"7ab9cb299a6e2fe5fb58da040e4bd409",30
"9d30e80396d574cfda7e722fde8b60ce",122
"cae6374eefb7d55d056c7e8157fdcac8",13
"68d1d780c9e2dc8ca824eb69bdbdc62b",13
"c1225243b3f10f492b47c00f3c34948f",7
"daadf061d846d9097aa586af54451290",92
"7eef8024bfd5d5724416fa2accae0759",37
"a5fd0671f9271024086c67896dc7a997",13
"5c227613ea21b52ece3e5581fc610af8",9
"c0406e4cd77bbd9a13e24515b213d4d3",7
"aa57da0461e1ed31969c855727b9d404",6
"53b2e8677ee8134bbcb5396218d5b4dc",50
"b621d4b3cca1ec89ceca12efca8a94fb",25
"5d81ab62df71143d6feca29e59419248",20
"c99fb73016a150b55d2337cd04b784a3",75
"9c8f6284344f399e4def6eb913aa620d",38
"c52e0c66fea125522575e549ab583fb9",90
"76fbc91871a7c77353d3dec15e53f5b8",7
"1b08dd57c80ab5a29355cd58500db555",81
"f91349ae28de0a066c87851436afd9a9",25
"d8147479a31fc5a28e4f606c34ce2627",50
"4e986686c6630c0cdf5247111f026584",278
"a27ceb0d07dcbd92593ffaf9ebfd024e",52
"4e8d7a4662640b90817f015280cf5713",79
"02d3b5e5392a1b78eca104d8089083a6",13
"02acd60b022ba6a7eba9d971cbaac0ee",65
"858603b5b6c7332924623a52faa10212",44
"c0a3ed5fc183e22bd07dd06148180836",55
"1a6ee71e14548bdc9fc460ca6cffda85",693
"052c024bbde3be28510deb4cd1b60d50",65
"e5663e3d9f3097c7e81ff75acb11d599",13
"b240977ca9b9114ede890afbbfc888a9",75
"e0b12bd8f7ff684f17179304ce6ee34f",23
"40874d61006874f7c87d904707d320d9",4
"82a260faafef55efd1b8176ecb781ecf",29
"9f7c0cb27c859c26e53ceb1b2ba76908",3
"e817b2980d62226037f451237d3bb681",6
"865c97c9ec637b412c8e9ce3ff932400",4
"06ac1a3ac1a9b97976d31bb6293969ad",54
"24e190912eac0e47a992d7a9eb36aee9",4
"5547a07702b4018c260d3e7afd0401ad",86
"346de310f829ccfed3154f0dee410262",11
"d0eb4ffa814209609701ce4df8a00f36",27
"4891ead79c76d5d6adfa7c64d90dc3d5",119
"d1b61ba91a854aeb4a90929684b5aae0",12
"630675b268a3159e9acebc53c8b383b8",35
"39d82dded11faf4ff8e91216bad84217",62
"06a2e0dd565ee976bdbeeaba2360dde2",93
"9108ee952fa5ee7b7275fced9fe687e0",164
"5e1d6fd23cde627ad990442cd0f0dcd2",18
"ebe079455907ab61cba05c45537905e4",13
"bf279dd41da0095bddcdc1c07108e17a",76
"54d5b6560bc8e0ee02f7e73467e09312",106
"a14f407265f9f303fbb5d50108fb91ef",48
"c270cd1d0df3829670259819a4aa36d1",79
"efd90b9656ce4a8030584e0beea0390c",15
"055a2ec73903989eebdccee8c4eea3b0",16
"50afe31369a477f2ddce75e8c9204b01",58
"c712d94e91cd2bfa90ec4ad5083571ca",9
"1511ba63c8cfe042fcdd72527471da4c",83
"073e855797fb3b454021de8317675982",88
"aa3406b8bf4695fd2a068db5d32bca76",71
"bb388c18e579e4e95cd6cf923f7f3828",22
"1d6d539ff037e7a457ca453beca38cd4",28
"6c1abfa811b48db98066ea8555816753",27
"fa643f0f10ebdd99be32465e99d937b1",113
"4e5fafe1918c4de94c4bcd35714407ce",8
"9f6317d5ce8896eb5b0c62082608443c",108
"1a9df3fbbc7fc8cecec4239cf801d2fc",53
"30b9c2ee9af0da0de23892404083db01",7
"0949164c0182e119ade7d8db8b53b57c",10
"25121e333c58f2ccbd3e0978daf68d91",36
"9fa97cbf067d644e65f690686a0af5f7",10
"b0c14012e18bd336e8acfbebf116c450",76
"449d3fd67107ec46ce7f2ac2ef44d478",32
"62c75197a999fc92edacc4d9b2ac811b",41
"a64ba4595c6a2b7da667a1ce57498b26",42
"218df34b23daf172c1f197cd828625ec",36
"6d31513c1347bcd57d1b335bbc1ea70e",64
"0bc9e594a83b2497bae10c06a44b7034",109
"18767f42ac5278a6813d7887dfcd7251",13
"83b4ab5a4bc528b287085bf6ea56452b",21
"d60ea32ec043b8cb552df7c488cae3c7",166
"0dd0d629ae6e6dcc43a9cbeca653a643",56
"e28a36175f75412c90d02ed7de4b2379",9
"5fbc483f79cd97d3a7253931f37c33e8",11
"4b55abc03dbcd61142674733c2140b7a",93
"84139c4c9e1a99b1041643d5449d5999",6
"9192b3275c36e56540678451adfa601f",62
"68d79c3035521e82b504b081a197d2ed",50
"85672962d2edffb5a7cf609b0ded63ad",163
"5d08d1eb4b8a0672652dd0fc0af2dcf0",44
"3120660c883750285d85c12f7d898f67",22
"e4862720607b43b04274603842d073d7",2
"410ea175f3b0b2354f70add833721b73",56
"9ca567c0023171825e88c3a3176cb131",48
"c47e3b8787332a3a271ece8de6153a67",67
"649fff0f8a19dc4ca04ae4e9905c2768",44
"c3d9aa842d559cfd0c32ecae055ab4b5",51
"31654b0fabcee256ee93ddfc89c8b048",19
"fe97a4fc0e6dd8d93adaa21824ee31dd",6
"91fa1c2088cfc3523d46cf40bd7d69ab",14
"bd205b9f3a5ece651a9405746ce7bf3d",23
"24d41c4841d1af41ec23e7873d4c15d3",106
"698ad9fa79045aca8b1cbe3f748aec9e",53
"efd1069596c9e9981c5dd33514ae8b49",7
"4f55d5dcad687ff492b5ad003ee056f3",113
"f2310378905b6272ebe2fe2496999334",12
"20119d6a0f0db055ab7b8a7b7c6938a2",18
"5a1160e34768ff78a364927dd43387dd",16
"11122b2b6efbb8dbbc855b92a6c125dd",10
"ad139328ba8ac39c2e5ccef543df2deb",56
"d9eea834805833ac21a86fdabedd8556",58
"ad03570a6623c3fe543fb52f514b234f",4
"3d675bc2e3ca7ae2dbd80044122f82b0",95
"060cf91cfb472b04d82e15a19461c523",59
"9e64a5cc49abc691e72a2a407238c9cb",4
"aa76e91fdfee6d8e79aec2d15b1eda50",31
"17c1c6d8099c9cca798beb6e61dbf12f",62
"a1da3de4c55fc517152e54a116203d61",5
"acc8c8a990dde8d6136de6f49a3f45fd",63
"94ec4f5929e96fb2bcf625441680ebc9",25
"89356d8e955c91941f5a59a0c4b63281",14
"75443c938de2a7923dea183337c7f0cb",13
"405d209da6a86e22bc72f30a3ed100d5",93
"97d248a490046807a1b60920bd146ccd",52
"1d59e925626f99fe59a4355c1aa46d08",29
"6953200cc934ccede8b7c0c145976f12",37
"7aa4c4d6b099b2bffe12fa5499334af8",11
"61252129357c64d7ff0be4d05dd771eb",63
"c7d260db345b28b78549daf4c4dcc21a",83
"0a035a7ec1f4a194dd7fbda3c5660db0",167
"ad83d626f16b30d5ca2cb0af4c628a63",27
"708b000c48dbefb1454b79108d2a1f70",113
"67e8859e108281ee7971084bfa759522",8
"7bb6bc85893e6709303b4dc2675105df",352
"780a93eb3e1aafb75b4332f110d449dd",39
"d23dcbe0b3e253d3d5f462f07b5bea0b",51
"67a5c29ddb5d1eeda2b8780bb4694235",8
"9c25a54561b4fdf6bdd5a39745d8b616",5
"ab67e55b934c5c29802d8a9e0a8f91cf",8
"c67445ed68d61f49e41b7bdd1de019fb",62
"d988a5a63a233e7cb85e7185cea924e2",4
"ec6732c2e0d4cf64b3d0350e7fe3defb",191
"263e41ea2c25dc87bd2ff5910cf30d40",3363
"a8ae74146975d407615b1d51a12dbcfd",30
"f31a1ee2dea353635ab30bb8f43540af",41
"86656d45148d74cc9bd0a4855c530d63",36
"2e4f2b53b856c4def6d021d01f5abb70",123
"c24e0e391aa836b5eae25567c7eb89ee",57
"0a68ec564e278b0246c920ad7de41880",309
"d49783e7800974b5f2bcce554e26072e",40
"3035836748979469fcd2940aafa42346",5
"c6c3ab4e828fb40d6e05967b7aac9338",268
"bed671b4676144142cebd192b690f499",180
"828df8571d2ee6c8b4705c4870e2f4cd",44
"08bd43071a06abf56df235fca6655bea",103
"91b461a378445ba0631e8752da17ed7e",6
"d76d59ec71de0e3b22da0c9cd564d41a",221
"fcffedae608fe4871be42936a1cb523a",95
"119eea33cb9f505d6a20297d132e792a",18
"6ecabec50846f80cfa017046ff95c02b",17
"78675c4f4b782b1ac398dd415c52da94",86
"d7b34f4c0969056a39147379c5338992",41
"893e77432d5b2c1e9238ee12b550f790",27
"691771d80023bb9a4f419ae9bc8892cd",60
"e6ad24055061ec212ee078ec072ee82b",33
"7ec7de868a4b2931e11c53475a3e76ba",23
"76e4fe9f2af473b13e7c3781de321dbc",11
"b58561a6f24fa2cfb814eef437424f36",28
"0668c0fc07583a84162759ca66acb539",120
"220b266a59775fb307dcbe2b5cb85a9a",82
"da8644094f1d480f3b3a6a03a7027ab4",18
"a55a010c9525ce2943a553dca1421b1c",66
"6e6a9e07b35d709dcc89920e1f1528f2",45
"e5884ed67d7e9496d06699c95c96b84d",74
"6d44c1f563fad336b657b298776274d9",11
"c53a26f5b83243e48c12db5bb838409b",10
"b86f512c36563ac5720de4c97448fdfa",79
"ed0383d62e2abcb112425dda761ecc6d",27
"87c18e8ee3789954404f2c1a35079a09",28
"dd80e0a50520c9481217ccdf670781a6",37
"3fa95af7b59ccafdeb568fcc583b5d78",6
"0243b68c76049aa1b8c51a20333da950",4
"208c0c43c7c5d4a6bb549e0c8365cd21",112
"9e1f282914b07cd79711ce21e7cf4aff",133
"a7b02c16bc8126a724ee572bfa045e1b",3
"12c2abb061c19d14ddbcb091e9814a42",69
"b8a83a3271a3fc492a06ef5bad532740",45
"84a3b9abc122a070e5e0baf80c1031c0",36
"4f6c9ee0f472b568270d7ed78278aa19",14
"db0d250b732b5a677efb3044285d0bbf",49
"b6689ce6fd6781f30fe97727408b0fb3",19
"433fa1c928b56001138ead74d77fc96c",34
"6cecf12e2e14bbf5aa9ba2583da1d479",197
"7ff8b86c527fe2aaeda1b338294fbf7a",46
"f1b6b8086aad6c4307a7918dcc064de6",2
"f6c63a0c70a2a28d850368424bcc6de4",9
"ef291361c31077c91b65640d774bf4f2",6
"992b15905f045bfac84f77ee2fb16a39",8
"84f5332117478d5df6b7ee457a69a847",14
"128cca195051723983e94dc2852bd83b",44
"5946f81e4c20513008e347e938c08149",63
"d86c52b2185a96c9ebd6205c13db8001",162
"e1102fef6bf74d13ffd080ce240de02b",33
"da5fbb3727fac10dc4b987578a2ce2ab",9
"e82d84fea5d22641f2c82d8237cf3052",29
"1ad081dbb956f3379220b5802dc30992",8
"79cbba9f7b8c520f9751e2521516a015",37
"b5f5ddf65c4e577c68cf7a7d2a34797e",33
"2cce2dc3051f4264e02668532be70186",10
"4f7221ca20662d285eb5e29cc1923a15",13
"b3d5b63fe6003c8a70549c4383c804d9",16
"b6024b6d8fb594864e8d882ab1392c4b",7
"4f3da359187d2df21d542ae6d0748757",67
"7440de30b2068eeeb916d98e1e2cde72",46
"b6c7d7e4e66694ad0d2324ff03549818",50
"22e9957dd5b2faf0be01a24ea15d889e",29
"a02429f7c78f00a96829802ff5eeb9cd",35
"ca1aeb04cb3291f5f970a9c58b9a1cfd",33
"74ec13650546b3f604c88923548f90bc",24
"9cb66a35dccad8cab7676a3cd3d282ea",81
"9e1306b62192fc2e714b1705987846a4",50
"9b60ffea7385c63e6f6333c864cebd38",17
"422d05a46895ad97b91f2d7f1d48a0c5",8
"a31be6d7cad3e2f866e5085a3d7c5f1b",13
"9d317b58c80816968666190b439e5677",25
"44c4591fc14566ea35daf7282b7c83e0",6
"ea4ec5e0804a9db7d935ac896c930cf7",14
"b85cec4dca8be4466c8396ba145241c0",5
"8674dcf0cfe35939037fa9a5b986866f",32
"7f85ac088481e3811666998c6ba22231",14
"0ccc35d420ce61d7274216f9aae4bc54",6
"f4e78e2e397dc8bd3ca2f87c245a8773",33
"c7a1483f9d4a292babd342ac02e4bb32",5
"93fec914068220be020251cc9c36396b",43
"7a898440177187e67dcb222994a04b2f",7
"c6d3727100d2f11b93aed61d77fdb738",40
"10815e44502beb67a921c256fa27cb0f",5
"3e0668bf6bad51f5fcdee4028064a219",3
"99730ff50212798ed2a521b32979ea47",7
"4cae37c949232da44de0521854aaf7cd",7
"9c06bc1d5fa973a31121f2d5ae68bb72",12
"3edf402ac3635051d6c27793a3d0fff1",16
"4208e3adeee0187e396fc8a63b9d3be0",6
"89cce8ea4e1c63ddc612f2f4ce05ef91",7
"90c7baeef8fb0ca3b66b1d775cc7813c",9
"bab363500a22b708519a7f2a5cf7afb8",27
"6c7b99ebc3a41a2d88616041e99f70db",55
"b601b58c83e229fdae2b49bac4f8b2fb",237
"7b3b00a4419fec771f9c560aafcc4a82",10
"1a0f9c983a25c608d11acac096f52dd7",6
"5382f91f392d1aa5447e1a9991cc3bb8",14
"d98297e8bf1f8d019e868c17639f621d",28
"1504f765504dfd105ff821baadea635b",22
"4f508b0b3fe1ad5b9b7978bc07259735",3
"89d2a8ec613f26bfb63c2410740a3caf",20
"c73d65a87c5d6c58ca5d3fa767ba56a6",37
"bfd357f356ee840f71cc8ad1b3a24077",232
"58e44134dbffc74a1dd401c31a9233e4",41
"eccd4ec473687cb840159f8d4036ca15",2
"4161599c2499402c0d38af10bf817826",104
"4064088baf74491fd1ea75b0caf7290c",27
"a32285a1099b4e87c85e95ca5c3d4d35",61
"4f9c869d1a8342b4b453124a025b1d04",12
"744c2bc4c92ee9fef17d49a5c0f840c4",10
"0a8fdcdeab017a6d5ed17922420f8aaa",5
"d3df483cbb13c7f8c70820fb7e1e6230",95
"882a951a69048ae7bf0f1c82f02a097f",9
"a251ae02db5ed074ffc3acb72d5fbe33",13
"f0858368c4cbc5d2114872c09d00763e",74
"aa6b16aba1fb6954b9f405859b318d24",97
"1c7649cf7a4eae57c49439f143a8bed4",51
"4fd9b2cd712d351c7db4b7a89183c3a8",122
"4d394d5e4f5a7ab434e545a800dfa963",28
"a14e6fb98dfdb0c8bb6403538c4feaae",67
"b713be3b4276431eab7d46fba849aa16",31
"0954ba2a92be27e5e535c0c0908a6be1",9
"e7d391c57ebd642d13781335619f2dbd",10
"92af198e6afd6fbdbe4c7cba2db7fbb5",13
"d34e7c0062db1a4edc75440bc948358a",12
"7da83bccdeeb83a8aa9894d532911277",9
"119eac24858a77a188fc98adb6e23898",59
"61c3d8e4d1400a8556a911a292791e9f",5
"f968254345bd05c204aee9646945cfa0",5
"4d39c80fbd8047adff745bcfea264952",34
"b2bb60f7b40c97df4ddd779ee4e489e9",86
"3298357a47f3af2caba4340512ee3bbb",103
"b39bb5dfdc036057f06d7db17e69cf96",7
"eb1630570933554c0a3b0c3364fa0a82",26
"74ebc47beaa873b0346c1f3c99c1177d",28
"074fb7f20bc2f55632e47514bcb207c9",3
"3eaf71cac732c2b40a678b253327ee53",6
"c28822de242f34bfb19b49ee22f0bc76",26
"029ded9995e140d46dbac92bdb4d9834",8
"de9d78acd209f338eb7e6a3b53c7a940",6
"c289826f1c538e4c718ea8bf1fce2031",18
"51ea211b9423c7b2eb164e18e38042df",10
"56d419f48f2103955a12eba6be2b242d",41
"302143e5253b0dff338e0debf9c95bf9",24
"ebbc5077e7cd68a107650979ad84f08b",16
"41ac35a92cd3b9c275304ee203d31a56",11
"e53c8ae3e71e31e8a22dd1d7ad243ba0",10
"f03c1ff4c0f4f52f62810ed5ccf71fe1",15
"1b0556899a0fe215a80ea59dd0806f85",21
"b03dc4ca1809790643e07ff419ead875",4
"d9d56538337c914d48cb201b83b413a8",63
"03658a575ea3afb16d01100b97f4aaed",10
"623d3f1ff3fc78c58583852829559064",12
"bbfdaeaa8e1371a429293f99eff55496",8
"ff66b771cf24ac801cd8e74b446791a6",4
"c3e5b6cc0300fa6431376ba8b0ce62b7",31
"b34bdd66a594feb213e5e92200fedc27",4
"c7826f9e0cd6d8efc2c0f5833d4dd737",16
"fb97c7250da35ecf05f1b51987933957",2
"a6ab73e6c2a800968fa602ab45a16aa4",9
"3a4508962fa57c516bd3ac53ed63163a",36
"6f3ce5d1ced34ce17da79a51daf74eed",13
"8331bebffae7ca18599afc6b3ae0731e",2
"8c1c7a6066f143b1d90f8730fbd1d0d7",13
"2e55ec639999a5f78b2ad9c1a83cb5e3",9
"7d35b08836d9f40f53d36450061ee76a",9
"26b4b526e1e97e0a1322abc26264cfea",7
"0cd20ba2ac8d992671c5d149bc4b274a",8
"d90581f2ec69e041afdc4a85e6e2e019",35
"dfd42bc974d222dd5ad90c5cb821ea9f",25
"889f1bc31887efea2354ba099342a203",27
"8f23fdcf6f94f67605d968b6e4a61a01",36
"fa3d9dfbb5efa1358b3c8b826ff18d0a",8
"71e780d632ba269f71c80b6a37f989e7",26
"57e07c5610a0f3c75e17b3163d537fd7",11
"f2b330811455f8e30c7bbb6184c9e5c6",6
"0a8cc430233818dff7626c69480d1739",4
"3770abc7f233bbde7c0a771b64b7c75f",12
"f1ab6740eb91b1572806d12755a24224",11
"c392a424b16061f2d957033987122ea6",3
"1c32566528193bd51aacae7a310f58c2",93
"990362cf4b134060c39ff8955016dcc3",147
"4c981660e39a8b03e7403e8e695db1de",30
"a20eb37d50abf4ef13197bd4a0ea8c84",255
"7ff346973a282aa55de296afdb5d74af",22
"227253fef87fe5013141954fceea878d",21
"6a7a6fed3a850c6bab631c438c0556c4",10
"fd98346394a5c79e554003012cb33826",15
"1258dde610afe404deae3cf269cf4045",21
"5b41766efceecce581e4148788f37846",2695
"73a866e6e92c0329aba013b6053acc90",355
"152f494c095ac950d26f53dfcf888e21",21
"bcc6da5f621cbdfc1f0c9becbac6cdff",4644
"1368aca6d12ec4a9bbf16a2ff67104e1",18
"1b60304401f1990b48ba0b8cc5ab512c",9
"513911099f78aacf1260a355b4b72b6c",9
"3ddac5a369018f9d01b16c8505774215",5
"36ce67b3fecce277df99829617975495",30
"d83f60183d81253a505beaeef3cd168f",29
"2721fd42d5373667f111c60faaf21eac",14
"7d135dfbf857c62673695ef24332b100",6
"4f3c2c204b46d97231644685e294bcbc",12
"9f68e6aad35ab42586377a992b1dbd66",5
"6f7574408c9eb743dbb1bd96636833e1",23
"bc56a7361c9a3b49f1f1c51874321e12",270
"b7ae2d92c6199a9e58c97d0e75865d36",278
"acf59f736e1b604c6215c2428db106d6",20
"ef8634242ae82a69c3552c7ad0b21607",10
"93d29b8d27e7da6bf94e5c9263181033",30
"521b736dd096308d4c470e0e5914b671",17
"3f1ab4058b00e2a309322ba3cf5e5da1",18
"5b2e86bfa868dabf8cd6c529175c3411",18
"debda29d401bc8ea6f446870664b5b3a",123
"d043a45c30dc28151b1361d8f761bc2e",10
"802a0e08c7b345ba5f4f19d92bf927ce",87
"eac5b00cd589b4d93775b50813bfa87d",15
"f4dcf33cb11f9691316aa7d1a8867b9e",9
"bcf1a3b8ef114aebb821dcf53a4ed12e",12
"c8ba3c38866f6c8512e7a1377b2ca877",13
"6cdb31a0fdca38d07915014f8d04d407",21
"c415d560536205f9c29357763165fbd7",148
"af2c741b659a81a83d95a8aaca4579a5",75
"4daef7a5bfc2a754c672a0f42364f142",43
"da01cb1cde6679efdb2aa2b404997b32",6
"52e0b36291e809ffbd1b29b2f5a9266d",29
"40417d6bd0e0ea78d891b6cc59591bb3",15
"953d6d0a551de62b58c96dbef8759bbd",42
"3ab43fcc04514ef20f0fe8689a8c5ea7",14
"d66072bb4e903a9c1a95728d29427410",115
"49d7e138b88f8bc13e7a208bb88d56a8",53
"21c1e5d7b4bc8a795654a5db1cac7207",119
"f9e127028e1b1b9eb680ee8646bc3e83",23
"441996564b62b49e9b9c81b4e831209a",32
"63f30e078b40b4b617c3fab54f832fe5",81
"9576f4d2c031c9ea4d14650f0bbea9a7",2144
"75168743315540b838f73d08dfa9d856",108
"a0c8a8a956a4915fe3bd8ffdab423cf1",8
"5566140707f6445b7b5d0c4525d13f4c",8
"3cd9ce63f826137d18ca1a11155a21ad",40
"28fc5b4c98e618c2d8b58303c777ae23",98
"7ae808cd4ae2caf0e35da0589ee28745",31
"8b1d2ad098c62ae450bd5a9c1c65c980",8
"08220c63935e60ddef0830ac0cd3a6c5",76
"616835c0c4d23c64cefc817206ef1a2b",15
"cd8a0f3aa3893389792b288dd9359d87",95
"79276373456f76c2665e4b9a8c193b72",11
"99bd44b548fbcc1d18e7f9525484c1ec",6
"e6926bfd0f1c19f720078ce7272d7ae0",12
"0da579723f6abac66c4c6b19e1ccdec1",29
"85c34b6ab84d99446215ab465f2b8b36",15
"e2fcda174c17cafaa86cde7a31254c4d",18
"ac2ec09d18a36178d163942363a1a4ca",16
"b35c438b7b0da62c0c2c489e245afbc5",31
"73373d2d94551b3c53c3e01b6a02aeb3",5064
"b9236148ce65a3ca46c28936e4d50468",35
"53347d6a466e98a141b7fe84e2884e38",61
"159c58cbadc0ab01803b6d2320db3900",11
"47f0d70474ed2585ef5920767cabbed7",88
"7fedcb90153374e68d15bfb5f4cfd727",105
"db14a74ccfaad790b6ca26a0aa8089d3",45683
"321b21d39f1fae0b6891a2d33b1f43b3",37
"d350b5afd8b12ff8c8975beccf93abdc",35
"e792970259a9b78db44493558f87b69d",90
"9d5a032a89ada1131e41b03247035d5f",21
"a0b00e7c11b4881c1e7afd46e093a38b",32353
"742b5425dcdb8dc4bfc2d4056c020e9d",56
"c9e2dc439ef1252e363e76e9beec062e",29
"0d816a26e700a85be34463824fa3644e",17756
"73662c52701b3da7755cb4786cf052dc",54
"384f1d7dbdd0280deb8931e3a88de8f9",58
"9f7cec8fc63a8c9199c0fbcfac7dddb8",26
"4bb046cec5fe39482d6bde44371321f2",32
"2b48bee13865dddfcf36880be99dbec3",39
"78a669934d8d134f5d2a93c76ec50e3a",7
"1a51fbcbbc046b29a6d9711cf4ba1cda",13
"42cd6c4735078b24479b91b64146c78c",19
"487d19f412bd8ff766171360947849c7",83
"bb28a1038c92d2566233535c685c2128",35
"81c8ef1b1462abad9acc17dcddd10069",82
"cec11689a239abd9814954e1042aa7e1",39
"152f5c900a4db517861e8eae247104c2",40
"11453908b17183e8b19d3ccdd3e9aafb",46
"c27bb2a6aec98ff66b35b55e70c3ad61",166
"deb54811cccb80dd6a884ed70e218c8d",65
"65e7104b4714051572acef78f0da1180",41
"b7f8e2072264c3440ae0f5e79226b644",29
"3ede339217045e419a32129ccc81334d",83
"01e5eaa04333a4df1b8936acc8c72b15",16
"206887feb94e1e9ec6dd28aa91c31aa9",91
"ad74f213b2880f3b5230e5a6666155cc",53
"2ea2ca122da9e947894a1d48273a7206",10
"b503d76e5f6f07ddb15148a5631658e8",438342
"db06f512a2b57686a66bb997516ff336",110
"62ec16662e2c6a16c7db90cd4fcbeabf",74
"f3a2dd4374fb573d573c6673a58dfc9a",44
"238ba78516f666cb2b29854f9a5bb2eb",12732
"04269db11f09e63badb38b8499cff55a",21
"53cd9d42aacde75ddc887ef36bf4139f",56
"7b7595f9b76cf1c37a9b7943d54f75c2",49
"8feff4fb993943279e1768300901c845",51
"7e8fb6b42916c7f7d3019d441d26df3f",51
"f0c89146b3cb1302a64895340b848b40",14
"5438e75153393c2dda98fe3d99c26da1",154
"ee6ee5f00eb1c192da3115ea88c2c0b1",22
"29d0233e9b373e625138a490d331e95d",19
"13d77d046b81dd7f03e5bfde4830cee9",8
"68ec45c0e704f5a12c964534cd17e839",19
"532532c10c4ea30eca317b20df0cf93f",4
"d2af52fc6f48ab4d05c96dad9527d8a2",27
"a8e53bd66879cd51ecb4e7daf552accb",4
"53c58cd0a676dd811576cd8aae41d4b0",9
"fcae56e269d876b4a7056020b853281f",5
"faea5c8259569c69994177b76c399d78",9
"69491bf7405a214f70736622a4df232f",10
"a95f10c7ab24a205bb01b40fff131300",3
"a9b24370bdb02a8ee91855de7b8b2813",50
"35ffcc3b809d667286737d79670b8de5",24
"605ff725b7ad6c4ecc0fde4ef2d48972",38
"9c2e2dcdfb6cafd7a1f626164a8c187a",40
"ef35e1a2c19ed2ca55b97a6c2a87827a",8
"5744446ddfbbcc9b7ed0adaefdd3e0a5",15
"8909517e082a1f7da2ebdddcacf58dab",21
"0be89190fc0484bb8c920b60d0499a44",9
"b591b9fc6042a9c37a6ea9801ddc4fae",14
"6400be98be706e381faa4df752eeba93",32
"74d602af1613bc331964eac1ea7310f9",8
"f330e765325ac47997066c79007f76b7",114
"a7da93a9744a7863292bcf97d47b6a10",27
"57f295f1e37d390a0d93e4b898f5a1ac",17
"4eddd98203f05327ac03d0f1f765a14f",3
"2804218770e62517e9aea85835c9a031",6
"992d83ce0f3b48fba0b13a6b470d6f64",7
"931ccc3ef22f0a8c33a4cd074f907cc2",71
"65d059516da211826e7dc4c8c7eddd16",10
"d3e62e2ba3ac9a85a44f236500a04d27",6
"caac4e5b3cb5a6f540af418b6b9d7280",24
"05ebe8e85db18c7be6e1cb4845aea55f",27
"a5e65ff803d8cf355c1b8e0c00cb9f8c",5
"0dbf680e00aa85eb226b129f0adeff7e",51
"446bbe667b1aa544d540cd1155ccf522",25
"b1b955773f3f507bd9ceb5e08baf0085",9
"a7ad29436b897b9b8891b540fe68e1b0",27
"dd86d969d72983857480c394c50efc1d",12
"e1680539608fbec0b407e37baab9fc70",11
"4b48bfd9d2334f788a999fde8a6679e7",11
"7d249b4fc0e483684178bdf124df4ab5",8
"2f49affea1aa1db3f453ce4b3066a63f",50
"c7a0e0fc9343afc90e85d8fa29fcaa37",19
"34c0e8142700d72c8baaa740c9ea4b10",3
"432f29ad5b70e0b468584e93accf6d47",14
"b1dde0ed7ab1f036845b5643cfaa699e",11
"f504cf476e65ecb66c33d0f9be3b1218",4
"2099a7673c26d3ede6192164e9547fc1",19
"96a9553ad1344c767f4d3588d68e681c",2
"ddd058c811dcc5f268f46164480c706c",2
"681460c4c7ae030a3284e8169563bcba",8
"a014ee5d333302b82aae43d80d38b09e",3
"569ddb1c3863f961e131d8bb431d856d",5
"8dcac189d7e2799cb6a04d722402e8a5",2
"79ea3b7017c77ec89edfd2fba041fc35",4
"8dd54172ae42b1e1b0b753613377b3cc",8
"b6910d028fa07792164800401ad25bb5",38
"70c19ab0724d1bb15ca60623ecc48061",7
"634ec1ca539d2c85a36339154d715e06",6
"171972b080255260c9263c8ea1265bd2",25
"cd6a063433e65a42ec638bb9e9e0eef2",33
"fec8716195af98907bac8206e598cefa",3
"44bb7ec6640952ca680579beb0509359",33
"9fef297bc82420d5b9abea86562b8d27",15
"d76d6003ee959b0bdf1f9de282467004",8
"75b56b6da007ee954e6cb3222aef4ec0",17
"7c97a575eea4b111c02fdf02141bb6d6",201
"c6e09e2e7750a1533b76cb26e2cb032c",71
"bb7d1232f53c4ac3267f6a24d61283af",10
"1c273ed09a399534981642fb0b0b3d5e",23
"13b679cb70cfd3a342c0ef85de27f25c",16
"b23a35f79e222c1937d9806e618572ac",156
"0f6b6c001d7d046fa22c6d994f7bb4a6",8
"94d2011161771c28818854b0193ccdd7",10
"9e0bb0a6815a95470343be41e2139b91",10
"70c2f7ef5946a3b9f43777972c6863de",86
"82917cec618a185bf57727d0436b950e",3
"ec273405c562cc2555320402d5f3e9db",13
"655d421e390da770262657d6dfc34130",5
"9d970980665e03651b046b7f62473673",51
"1f6c0fd1ec98be57e7bfa98cb69fb0f5",14
"d1e742dba5b2568ebb0fb9c433193809",17
"131eb4ce13aa2cfb1c6fa9789b47c656",2
"50fb93dad525b440dc193bc631872eba",117
"4de18796ab32e7885843b1b7a7e2877a",22
"c9a4bf2517f021bf4ed52e08489eed96",11
"bcd599d42ecce5fff9170bbdca8cc097",8
"6ef30ad70950c7994898405da4aa1f2a",5
"f8440b4977cfe1a8e067c386098a7070",7
"2a27fef7e84b61349d7fbc81ddc67844",219
"db9fae4c67eb5d1d963eb16b1d5afee6",20
"80d8d0ade30902a94208195c088ee41e",51
"ae8a8003eac2ca946bbc3dbca6e681b2",10
"002968e8e3a60db399f39e3647e383a2",7
"41d9c8f5b2419d76fe4a5bb5c97f7455",17
"7776b7a7aa6e02e9c486bc5886d45e8c",48
"aff1ae7a5f7b90559f653d55dd8e621d",16
"e42e65e99a3d76b32d5d7c59456939e2",6
"08f8d83d9566e6477feaa25a1a3ca5e5",21
"78c58972159fd5c40c9c803e26231c33",58
"490ee55f4b3f7f837aed910b19f2c19b",5
"9ffb42eab94f68a9d8415d67bfd7b3d5",26
"dcece32e6721f47a5d0849ec92f722a4",53
"419fc2330493fd6c2817f2b4f8bf340e",2
"1b19ddc52f14d0b9a5430a8f2efeb1a8",6
"c528e7f396cb76a48737f6f79fa53b8b",8
"f6edbcb91f18c1dcc550ce2c68333165",75
"52cc7bbe91a143f944f9cd15f86b6e69",32
"c6953416a32c6fd1f0967fd9420486a6",18
"146195f72933e590d98b89c38d6eda33",75
"03ad73297cdda574a9a28a75a1ddec42",89
"5087915bdb7a4146f15b2432aa211c0d",3
"cff60bed359051dd65fe850fd0bd07e1",13
"08bdc6c81f6b9daab3d132b54e1d45bc",115
"894e3882ca3731ce3b2a6b5e0486263c",9
"09de3dde6c465b74bcb8e6f8a478e4e0",58
"4bc3351a4fd8d95376d9111d0b177405",42
"62dfb791784eb341aff5f78a7cf27bf5",48
"bf965766c9cf5efb5559f5f79c8ded80",6
"dc833156df5cf571bb4d9ffca16a6fd9",63
"df69480b570421674819d9bf0acd2634",28
"04e01841a5e1bf33dcc6bb33c6380138",20
"1fac7db9ef21a1e305bcccc863a8bd96",5
"1abb53dffc389ae3218acce6376fcc34",29
"e4c171e716f657c80f1e501df2009873",3
"3c019ab31ab159567159daead86330e3",112
"74a26e97b02fcab82b0d346de4920f75",65
"c8e98e2c223d3900eefaf1f51b5cd5f9",14
"6d20891105812e61b4d6fa1e71f8a61c",40
"f5b98fe3e9157c38ec2427543c9263f6",481
"8e3c45215d66398d95dff84ab7cff6e9",126
"51062bcdab314491c4f1c059c8d21ccd",5
"3147df09ec2082b688307346317787e6",72
"77b2eb2f51580fd7fb9bc2793f3d315c",129
"8ea40458f744629a8d102995637747e7",10
"1f5dde30a3f0cb2358fd7afd51a522f4",5
"a9bae9250a2c8cccfee4adc88caa4947",307
"7d8e8c215d0edd5fc13b992cd87a7802",10
"5502fab5ea28231060c04e16998f9276",64
"c81a5133b898979334273239a102b7a6",6
"50ba38880cc6fb504575cd67ed6abda9",10
"85ea92c5b6ab637396a49007553292ea",12
"caa5a6d32b83e35ac5e8e9aa20d073a7",5
"332d5d727180c6b31f0eda08b094fcf7",13
"8f7c737007cfbed8b5ea17503e45422c",92
"239d796b572b7a218f6190db019e6b3f",9
"bdeb9bce01148846a7a442dac9048360",37
"a0da905b7974c508f32fe0aeabf7cd0c",29
"d98f53d2eb513e9ccc403daf616a301c",6
"75d0bafe93e5796cb5924fb44c9b3cf4",13
"dee790da794042b9fc84a8644a54133e",26
"ca3e0de76e3cc9a192c40db0b9a4e7ec",11
"c41e38ec0abb37da79acd32fd3cd7c66",47
"0fc1b4b38c76ff1d5614d73496426a3e",4
"ef10350c2e73a3b1679aab84d3d38421",6
"db1d8e2a3ec12bdf03df47b1aab59bcd",8
"1a551b20a64175b01520d4cc865adad0",7
"3675dce5a2101536c0a40a03db47976d",48
"accccde43fc86696aca738121bbe7dbe",14100
"918b165edc9d197451a47515fc332848",36
"f60b9cc20ea2d69cf106ea4becacb6bc",15
"b9fde84eb76b405ecd2554b20c4566fd",29
"8d3930cad72fb932e9e3f5c26a2b4b3e",7
"0e2d370f860f8262fe2d1fd778dd030f",6
"aaecb2f789541ed41c2a2fd375069d91",28
"e2a0c9ce605ab875088c4c043cf35f71",70
"811d5e5603ea52961c40da8c33c4a370",16
"b6f1a88d00087bd484040234bc0ae55a",186
"6d95bd29cb719f31899482adcd6f05d0",13
"6a4c0e5943a7eb8c9f0b5b5e69171828",9
"eb1989e33f64c3dd787f02779df7f2b0",12
"f8c60a01ba1d73d95ecde08dff6c9f74",75
"0d1935d27f4ea1ea466955b9f992442d",5
"82b8abff3a4d3edaf1cd16bb2e89ba0c",8
"8b604f97dd2f6b1da053740faed29de5",4
"1d573affdb169be3f0d512b6b6688d59",38
"ec6665f4d7bda38bfb9ebcac845d2067",22
"455219eeb206cd432bf64f51159e0b4c",65
"e2bd3a9338e344ff658675239fdea3ff",14
"f7ac327ba0db6f5e6f26c05eda217f76",15
"dee632b7432fc9dd0f5077f1f879363f",17
"77a920bd965da12d31f93c1adf2c5ea1",73
"422869fe12c7cb963185f78e08e5d2a8",24
"06bd84cd660615a4ab307a20cf145a99",6
"162dcb3929e23b071e65fda88174be74",183
"b727ed75f35f0306e43ef9e677a83528",18
"8e03ccaeccc4cc02a40b94d813bb10fa",50
"cc02d8e02665dcb672be926e61f5d0ec",36
"964c2e20dd3ddab151682958d4a3176e",33
"685a1812a6e46f72d7cf1f4a060b8e96",100
"886813d6c66ef41ef648c9b92ffde619",534
"a131a4044539c36e3266e7a5ce893bde",6
"a19b19493713d0c4933adfec9e9d396f",96
"09bdaeab3afb9f6ebbb298f15dc6045c",17
"61f3ea05d910ec81499a90913bc0cd35",62
"69fc8436786b625796174cc7a17c9372",8
"b4b5517b51295851ff57854f3a4c5566",10
"c9c04094468b8c3cb1568b3fd2a38b92",12
"96a6f4a2c6624b8ff4c2fc8504e3f0da",8
"1c0a3725f25027e98ff6aea763fbb4d2",10
"62b579d251a84945bcf8b5cd998c49dc",22
"7f114a4b20ca151b19eb735e86cba14e",10
"9e52b17446f9d832c515af791709ff6b",9
"df8456a1abbfb4c8a2c450b44378d4cb",49
"afdd8be05fccedb905accb00020f306c",9
"0ed3a6836e138f14044f6950ad7280d2",110
"75a3e20e916ee5ec7dceae34a1bc0209",6
"e31678836ca29c0ebde1bd1003bcdca6",7
"2359b6a4d6a1188eac7ed4daae3e165f",3
"f43836fb3dbc1fe9a3f95af640d01a85",46
"047f3972944aba6d617e4110ddc56dc9",7
"bc0acef088e6323de5ce6ffb266d2f41",2
"39c47f3d76baee36a286c74330d36b6f",3
"cffb5b18d43105b00c95365da2e3c1cd",72
"2a39f0b75d31d00b3136b2edbe82962e",46
"7389b6c11a50061a457df7ef95f06d22",13
"3349fa4e6ab5e17cef8b1876b044002a",35
"9c6c2daf1c5876534cf43c72b30a91d1",22
"cc60312357314937af544b9333c06feb",41
"06aa8e4e4563cf4540309b2b5ec49a5c",32
"bffcb074aaa36bb946dfa9c4ddc60206",20
"82ff373a3672ef918835b84d76b21f05",5
"878ab3026c400f04f1bd0e891cd5b838",6
"68aa79b458e2ab536573da71e011ea35",8
"d85cf0535835c6b4f0d90bd3af189c32",9
"86bbd672b27d32bed7f98fc57f6f8a41",46
"c7c40b0f480f3edee216585ec048011d",5
"524df63b34879bee3d676d5319d510f7",9
"83a9026328318881149ff8a0c29f9391",17
"f3568df8761f514321bcc3925853154c",16
"8b8c79d04833ba70b14cd81c6d112760",4
"202cf39cadaf024ea5be66e468ae888e",44
"a22c8ef72659b99e76dd5d4ec6b37843",10
"e19f3f1b01b4e7622671a665361a617a",15
"23075ca9e40b4592ab14847b0e48281c",2
"264bc61adeceb68c58c8ac458b0ba9e8",3
"3114d42cc9f862a2a18d7e5efde7fa9b",7
"35cbb315e019e0a8768d4b73862df415",7
"27335f508429bf2100f5dded19cea135",54
"bb94e5ad57c919ef06366d62aca7d769",49
"8badf66537534bf443dccf8bd0cee334",19
"b8864d80dcbc237bf2aa61c211ac57bd",24
"1be31d736cc40fab0983fa5350cc24ea",11
"83233b11607e6ceeca0bb04473bdb798",294
"5b777f7e5fc9c4640c3d1331d0ce927e",10
"23bfdc13fc4c0b94b77d28cac03449ec",49
"981443e82ad9f889b03bd0af2d291a1f",8
"44b549fbe58eefb124d10302416f536e",4
"7e65a91b0350fdb318e249841991ffc9",3
"be96fcc7b57d7470aa3582f03d180ac9",19
"03d6d11160f384a39d5ff19ffb11459c",4
"4a3d3a96bd82b0e8da5d4fdccb82dc8f",95
"ca2b23c1b70c9034ea6412255f88eb7f",10
"d599e09e8a2ca71d4af742e73ebd9469",132
"fa7dc0c6ea7643fb1e516167623d27db",24
"5a89397a2a2f5eb9edb2080a03b75643",17
"c8e6ad1e1a989c753cf73dddfdca0536",47
"4c687e9abe11199b993e2ab668384d5c",5
"be2882b32199b3fd2da9a94bc4dc70bb",40
"a52440e8dc31a3ae8695f736592a579a",6
"c122cab89c845e6e3f3e3cd43c85f881",2
"62bcbe0b2f31160e1e8a4b380e52a24c",13
"c885ab56327c9f703f1f4ded3b5ebdd5",57
"998ba143ff3e07514679cb2909a4faf0",402
"74c80747312f035e999fed9e4eb935a1",2
"87b72274254f91532741cb74e862b267",13
"e0bfc6ce785c521caecd4e949845add3",141
"8250e4941265c83175b63bc4d7e441fd",16
"df32bac5f108922ef3587ee083fb11ba",34
"22587dab9d83bc8b0f459673aa7eac77",3
"489c6b27bb07020a34d4ced6698ceada",2
"1c291466057260266d13db2efa0a99d7",146
"a3aaedb4927efbd917483971e48a4181",8
"9694da7a0df5f86ab7ce0a33f16dc540",22
"d29f5c2276e5c39023b2a73593ed907b",26
"4d97c65e2ea0bdbd97ef92b3a420c3a9",8
"aa50f20d01bbb2322439d03687266015",63
"55f9c2fff9cb00fe15eef42df5befb9d",34
"ab745e5e2e22d6f78942361580a5f32c",6
"43071ff05b6f558c50f3b63e97cd214b",31
"1651a19854b9265c23744bca00e5b165",4
"d2a657061ddd6aa2cd5af9cee42123db",10
"2330d5de92ae91adc84d797e55e41055",68
"dbf099b9d271ec84a3802b7f05f34439",7
"6a1c08b6e5f27ce6765e2436470e3c55",22
"b6a04e5845f8841ac6d23f9416c868c1",20
"4787269d7265ea98d6ac72e700d0f01c",9
"f3fbf55cbce34a5c8d68fe48dc8888c4",14
"0c86f34a80a9505f7186881006fa011e",23
"4de4f112b1eed8578e4237c45d516d2e",22
"1fe6dc633654b530d932edec53e475ec",64
"590393e3486ee6d2f46dc1ae9510cd3e",31
"1b217bf6e32a6d24c6d3e10bb0be1292",43
"595ead53c85f25747e3a59b14a8fde94",28
"de630dc18023cf04382f905a44e2830a",25
"100b5fb889a19a79de565da1995f4451",3
"b98eede7da5e1c244a97f1fc5cb1b833",18
"f82ff8979ed288ecb7f95c09d5ff5ea0",49
"25858fd63232f560b1c6e89ae194e05c",4
"f4f87620cf0ab7a4e74da6b3e129d3b0",20
"2afff953b316e04348db74c4561ffa79",124
"ea2a39e6fb6fdd03e28782cc4faa7fbc",41
"57bcd6ac5b77743193d12b508a33fbd0",2
"dc1aa4f32b236f2baa15d8c20c086a06",17
"7a91a35cabc1880fdd8cf7cd0c819ae4",2
"752618de8c655033b311788feb2afa4e",7
"1878f237d91cb878cda9eccfcf9d3ae4",5
"98852a5e450a49f665f8466da60a9f30",85
"120543d1a838178831ea75d701be441c",85
"545cc447d21d66a1870df0602c4c980c",14
"a32c208a1d61f564c55e0622d08069df",4
"61be5dde40578f3a4de11c7acc7c3f04",22
"816857fbfaf60aef1836eb1f45bd72a7",73
"1535b2cc7ca163d96b61054b5c5e8541",33
"cf084ea1a27c3fd9f7f70f8f3a4c1904",59
"cfbadcaf9d3a56a93321305682795450",17
"ab874b93a9b9e082953f8b81f198fa98",174
"b56c89ce4636a3b54f4c4a82e4e9f43c",91
"7e02a2c379e146787903ae15fca6c508",14
"e1d8856d9f33e937641d59192058b8b0",16
"9a56b737b4b861edfbf75a9f5bf7f383",14
"4f7afe026b574cb6b6be4c0c973b8e6c",3
"a54e81fc8cc2d01a914a131d980f28c2",28
"ceca722975d982b7d91f166ad10a0fb4",56
"c3655b05fc94b1f6ff56f102fe1fb7bf",10
"fafb27cb325bc7168163090e26eda97c",156
"c0be020d86b19331b2674be38f7d87e2",27
"7be5996743b8c9f6196bbaceec6572f1",8
"d84589d522e5dc15031814adfdb85601",4
"9ad5b49c112cdd06ff2f91211def3a77",109
"fdafdf53bca979f20c540fb91e675b60",8
"16f28760756afef34c6fec6d011e7f57",8
"a4dcc9e8a3f2dc05df66321bf3ecac25",9
"2c59caef38eb1674a82d5fb4bd0bd696",38
"323e9a46cdc0578adcfef73522f13b6f",15
"05bae934a227ab43028b5febdeaebec8",11
"d5f2b5bea1b2b4e94d796b969b908c82",28
"c9573f6ed58331f65fc337b24b4f063c",6
"ea3ee0b4e7e7b85a2e41966082cb3663",3
"f1e4534da6eabee358cc4bb2813403c2",93
"f9c2e231f5007d731e87d5b9e8d6a486",9
"a51e17a63394a6b2b84548055ba464d2",38
"a78bee6bf4f0795d2851de924e5ceac3",150
"aa08a9cd9f3979c9dd200e3018780bbc",91
"b812f0caaa551a3034e10b58cf6d4554",25
"af659942752d444ca94ee9874945a5ff",75
"b1de9453b3692dba78e9302ae651845b",8
"e06c7379f7844698fd06f7ac5a453c9a",19
"aa4e1f12e8dbb70ee207665bb1c35c10",10
"eaf89fcf29233806cec5411a655c4b74",139
"7a75cf57c51c1166bd80b0d2342bf009",3
"df5c7bc2fd42343e5ec7e137ea8f1999",22
"e294a162ada64ab680ba9fbc93637e07",10
"2be1ff943808d479ae3f5940a26a124f",42
"2e3a742b3a4dd08632559d2f31eb69ab",10
"4b306bd8800809dc2b29af442293e053",10
"8e6a1739ec831e32f46c9eced98f3c31",5
"a6ecd78d6e5db5e50eeee0c90d168d76",30
"e87c6be0bb383c75335545fe0124ed74",22
"4b9b3fdbdd211d46197a991fdb98f0a6",21
"7e38a0851e0eaf1faf97de4488a9d6ac",11
"2263d4365fcace342c86666dc9204d66",79
"3ac9e6ff080f31d2df4d714cd54428c3",126
"dd5f8fc57463cd64d9401e596626bb61",288
"9a21ee6b6efc9cde0cb2fb8c0d51f598",3
"805619c315231af3e676d65dc09b09b6",75
"295d94fd5c278d3ac45c413c55d6b143",13
"68272991438b211c4b9f653c55a25651",24
"f01e95126f9f8459f5e8d281e2b3f816",21
"ad27587e27074945ef1c8574bd38a93a",12
"3242459834a682334a36cc9d62c858cb",28
"649fc5e1effb4b38b6be003fc9a31423",10
"a4d88b7c5d8a8ae9ba4bf93336da4f7f",16
"11fb0c3ae9d7d1fa08dd025a98213ef0",19
"69f38f9e79867a0a88b172de2543b59d",82
"49d819989bd03ac5d2dd7ab505f741e6",40
"70eaced4ad228e997cd88f8180b87163",41
"3b314687670f006a934bef137bf437d1",6
"43405f87c8c5215c39bd9fc8ab556746",62
"86cd87a60ba3abb50d167344b15c81b1",35
"aeb0c8b0b459e45568460617b29f21a8",39
"bc9b29e8fe62df080b2e327e243d2621",22
"566747cf8f997472ff6c412c50aed3b6",32
"980a06ed7a55208ee5a854001adcc8f0",5
"4853ad1ba15a2a36d9221f6fa63138e9",45
"d07ce877715eee870b4c1b9c9649c72a",5
"29070c3c0d1486f61da1f9e5eb4aa4a5",150
"460b82aaaa688ea1d0c2d9b07c925085",13
"5cf51529c8e337b9d39062d938df9211",15
"5920b0b3be1452805523df5d624eeeef",9
"715eefcb5be4032e46d9ec06ee2e985e",28
"6e360cc87f17247fd602d823b9ae94b1",37
"ddaf7a057dd881a307f19750cc59e52f",52
"23d4e8ed8a51cc674dcdbef4b73d3655",57
"2f4c679864426f6aeb2caac4c8d7ca23",24
"78b364fddfa427c5b38e4573d6d99986",107
"f3bd8ec31705ecf173b2a12261ce87f8",72
"15ff59325224afdab085ebfe2afb459b",17
"f699c56106d7e152ff229e21b16704e6",8
"4f6f7c559755f9f27b574bca6ef340f5",3
"1b2279481617b336492e4e7a8a59af7a",6
"c95719b849db92df2c81be048a007e4c",31
"5514fc9af524e362f71ba9c4c675b77e",33
"8863967e37bccbb49e4697ade392b100",49
"223b3e7f753d1e7baa3668b70fc783f5",8
"668813ebe17509d55f2dd1fd2287e163",13
"905fda20e5228cc93c4c36fde3fed7c6",19
"2c8998ebbb6d3ab72fa81e162e097b0b",7
"5084beacd89827b8d8d2181fb4b0c9d8",4
"082869b62ab9825e70464f1cc4c22c00",13
"3abeaaa789f568f2b3e58aac8a1d00ad",8
"8df59ecbcceef8573510674a6352ea20",27
"a6177e2f13fd628a68d94d59088d8a15",72
"3c692dcbfffb029d0119741504128e33",8
"bb26bd21b04795475f5cf0913c516f2b",4
"7a01ce05ac189ea654ca87a677add223",7
"0992d5f25755a413014b72525c5baf62",35
"c1fa90bbd9035be94b21cbb75a6074c3",3
"89079a62a182096dfe9c0d3f67d9422c",13
"13d4cdcbd574c37a76815230a3d36ce8",5
"b07fdceb465360f812d48d311300dcb1",11
"fbf45a4b7e975438ba74472c3ec0039f",14
"9da538d2f101efe8254e685e69b23446",2
"de8d2dec1d45b470c19cda173f3032bd",5
"31e26b555ea4956d30256d74ff89adcf",13
"65f8b8317397fcdb3fcc3c95c2477643",4
"7f89c5de8a9e64bf6598ef5cd147c80d",14
"a2a36f2af415021cb267cdc0e05fb6c0",16
"ddf9bb2f5f4e34be9e2183ee584a412f",16
"a74f9db2f6b204ecf731282f2ec3255a",7
"85f9bbb1b118cae9bc3561089c2f0553",9
"bdae1d8478e347980039ff1a93ca8240",18
"6f2712d82609c2dce513e7e890a03db3",5
"928957ecbec4f453d8c3baa816725a8a",40
"9d1a92e8345a1bd97752d52c1106edae",3
"e5b386507b1165aa1c56707fd25aaf47",10
"471679e1de08703af9da41cc71e67ae9",10
"a5603e6acc184e6b724e8abc35a9df79",22
"b4a57a1b305a2366e4d9cad0d7615207",55
"89d813ff22738d7f1e4013c8dc313400",29
"1e6b2d1044d593b0873253ef9d8d8747",18
"456eb7a8ec13f3a43d609f0ad0b4cf6c",3
"db3d13c2b6f80ee28e69c528417a0f0e",4
"d123ddfc05ef00fb8a600d415a6d601a",2
"6c44b5af843f336731035cd437006bbb",8
"9fb5108fea9f06d0511538cadbe8027c",36
"cdf51fb1794e8969a5ac72118a74c4d5",62
"6a9c0a65afc70bd1d943a80ac72f9383",30
"b7a9288f935dde9c686508ae5e5b4a8d",28
"776277c337756db17f7065cfca679fca",28
"016d9f2d7354aa9c830693c20865bde9",14
"738f56737553e5c83faa55c0dedf35c3",4
"9d0bb54d7e2987c1ff1e990165fdaece",26
"71e8cfd658d2fef3ecd62b1f5b331c88",4
"bd6fc997b1f622a9e8a12e67cb7effd1",38
"4b43ae737085e6b66c8e8f734eb20e41",21
"054033fbf589e71b155ea06211362fa1",5
"f592573b51917e7bdf49023326fcdd30",3
"69d2bdadd1bf59ebdeeffd2ec5cec797",20
"6b7da1ce41e8bd410ad6946ba8b323df",5
"df6db810054666bf85c29ceafd5521b7",9
"6811b16964a357a43ccb483b35ef052b",4
"809a250f0f61a2dcf8be99744c0ba4b0",9
"2a033e0c2d522d8c11e27ff4d01391ed",5
"02c0c14d202a647ad86e158f0f0a6c64",3
"8b2f13e25abe9143bb6ad645f0268eaf",6
"b32a01b40f3b840fc5fb473e3997cc99",53
"f8e3a6359ed931379ae828debaa5fbf0",49
"ab550f91346d57ba38b88d41071355af",12
"135702681780e22e55c9f0c4f27b0b84",9
"ee395bc3796f2415ddce205d46b3bbf6",6
"5f2c51bab5e32e7c53d807724612da76",17
"d8c95ca735039881a873a4d039a0f7b9",4
"5b84f3db2d42aa16fd035598c829c608",40
"fc57aa8778aa8e086cdb3d1d15d22146",5
"523699fe9e35172fec5b716251db3462",6
"cade30f10310626df966c73e12a892d3",31
"4d7feea0fd45cd8007046877bda3b9c6",13
"958bfc3c510c7641b23859d16585db6f",34
"8028a14ea865ee0033489eb980af7fdf",7
"429aec95c8dff76ed293ef60d050b61a",43
"d0d0da1b456f6a6a9bacd81bee293c52",6
"2790709cf4392bb3bd0248c0c340d208",5
"1fc7b6b2ba0781569a70d6a9c7b8c59d",3
"22ac926aa8de841e0cc1fc97c47fb1e3",2
"7ccf47e4602c234dd15fb5fde1e63efd",18
"ca173ba3ca7dadde975dcc15ad83c4cc",4
"b2ff465f3ce89a33862c4c1864f4e1d2",10
"4feea959c6315e1bf49ed4a3b2488de6",13
"2f86cfaf75f659a393654e7e397fa37e",6
"78447aa1290ed6e0bf5813561b49f5c0",5
"a10610efa74f825966ebaac4c429518f",4
"041e5e2eb701a6fbb61c164020b156f0",4
"6fd42e2b4ff23f66d0bee872d1e22588",9
"4d4c55f4bc01381596632e6cdb8f2a21",26
"d96e2c19027ed0479dc4db21dcfd9041",3
"beb6f991ecb3c40cea435cc3750295a4",18
"3321a9b18155e88e048bd41d807b4268",8
"88703a45d9f031211f5c76d18382664f",6
"0f6b5552af654bf6a4f3f7151ceb74ee",6
"ea5b346c4bf86733fc97017a6baa3008",4
"f25c8104e53bb759184b61469fbd071c",27
"c14f8317c9086d99b6c75f3d9ec6e70b",75
"c215b300bab07a5ca1e66afdc11a15d1",40
"0396f6a122441d3b4cae2648f10359bc",2
"09270d711a12f1d6d7bb00d023096e7d",25
"27f7d32b3602d4e3394a17424d9d63c1",32
"d92c86b54e392523cdcc80cd867b977b",25
"2721b023438958c4f1605f9f919c79bf",3
"b0dc8121912f812186082261bcfb9840",45
"058d8a980d880abe3dcbdabce7f61e0d",15
"85e4e59484cf6c7192fe7cf3ebece4ff",34
"e05a6eb4de15de0532593953ace4bfb5",78
"0e5fe273afb92a4e7bcdc79a9fb6f44f",76
"a6e79a134b0aff902a2daf7fcf315fe2",24
"2b7e246dbfe55ee0f40ae2f837893233",42
"6f3787c127a9e241b0dea142a4c89b4a",2
"874a39656d03347300bef4b6ae315df2",20
"d51bf469eac7d0d30bdbb18213904d73",26
"7d99f0796e676660452c1227c3a69cf6",22
"71953ca3ef4fc1903981fb444568e38a",5
"8864e7d5ba3a63a9a79d2146b553268b",5
"52d076862d39871132c4ed51e6390a0a",13
"e14a3fbd14b6bdbaa658b324f4b4d08e",12
"42b44996cb18e7196799f7eb27f815d0",4
"974782c1c36524af15aabcde025ce5f9",7
"4552f71f94d9244952c4ae58a27932cd",12
"547de1a8d67928bb70337dce50f20465",14
"bf650dd9ab4e09cc311bfee0ce230a70",44
"c39ceb92f15861ede12fa323a55715d2",4
"4858bf734c69a8eea9c02334836197b9",2
"cd816527137eb8c1a15bb4258239cfc1",17
"ac5e4fa8151f0fe6a264547713e07bc3",15
"6362307159c3d0227775bd02454bdc71",9
"82c29d06b2a971743fefe74e65730a19",11
"dd8c68bb77ae13508b36f4b1e12c910f",4
"e4120c2a4535ff3cf600705b0101b3b1",7
"090712ae97b721af9816ccc04b0fabbf",7
"4389e7e0244cfd439a59fe45c8cbe7fc",7
"d8460e943031f2e54c919d9591f90958",7
"518c33a85615479d342c5c8512558ca1",25
"80f1e23b6eadd3ac50dbe3f42de422a9",15
"fe866ee610fc56abcccf1161148ea392",84
"583975fbf16afcae1c1b2668d8b7b1ab",18
"6d43874c5b799d288e450e9c5ebfa7f4",19
"60f2a0c68950b9ef69191d711c1b0c9a",34
"52b2022d36ae50a89f817e986631fecd",15
"8b44c46e6f2bc5fc5134c6640f9d45b9",8
"04704e42c3866c86d40838af4fd7c1e7",7
"1110ba679b1b7d0e263a89a32b3f53e3",28
"b837e44805f3594d61125c957edf8b8a",7
"ea62edca9c2e53c28651d039df0edb60",3
"207496eb8c27e1c2c978003e7bfb5faf",36
"7843b940e315a7cf1b96c673c56e9ed1",9
"693572e30334917d7e447c0a65d20ac2",13
"eb15c7eb05bc7806f4c434e7efaf586a",15
"913bc566c6152bc7819794fe4f3f0fe9",28
"5dade1fc5e8e0e31eb306a7a0fa71259",22
"37f6594f648eab23acf0282ee4048216",35
"8418df201da2ee4b1e362a8ce67deb1d",18
"88682dc1a8b5dcca56aebba3e2d2f6ca",27
"fe2941586bb8ecfe8e43c9e7315feade",2
"9cc34170a45bb8f74ad699c3e95ca534",5
"d1556f22a754aaa5a682352dc7a411ce",15
"cc1dce00cc9473f5c4e439bed2b093be",9
"cc682b8565f3e8aec405ac45ae9380b7",13
"e89ce3af87ea3fc28e127eccf155195c",10
"f0128e81ab52595d83214a2fe6b3630a",30
"f906331848cd1fb27ae3e6262dd6813a",11
"26672f374bce8757427929a495ec21f4",9
"fe8fdb2f71c97aef7159b96de0894159",11
"a8c6f60fe9a2d012cfa87c6255c7721d",21
"3afd0e145786da8439a455d48173ab34",28
"2b67d7e0569483630975a16f165563fe",27
"a1065c615b91a48e0d27fdb5ae375957",11
"466cb5b60fafd47142a779542a9453b5",34
"57a7773c2fccc90cb87c4fd9e611a7ca",28
"46580a55456476fc9d842be6f1b846bf",14
"1609036c395441d600cb8d2bfb35a8f5",52
"1066484fa633488b9d1453377f5b631b",24
"be6c1a02731cbca288dfe769b4862cf6",3
"e0f66c21b2d1a69c8aa0b9e83b75d847",9
"566edb273cc87376aef40c4b1b0bcb5d",7
"00450de25022980a9b382819c570ec03",9
"d26d31ba88a068379d06cd65928a7f3c",5
"f2e79285ff3acd359ec74fe5918b3d2a",29
"a6dc887e72e5edb17ea7e53370930ad6",53
"75f4474c3825d383f640d41b034c0e69",7
"3610224a8e2b9898263cfc6d2c549858",9
"70ab2063283523e09d45751fd3f16518",24
"844dcba872128a25a96facfc53b47027",22
"37db9d94aa6fc3600cf8eb2ddcbd9804",9
"4b3cdb90147888922784a1feb094c0fb",20
"f46cc07c6d107bc3e5238c75b6400990",3
"b0c419c081515b13c3626dc982cc11e0",15
"d7c0dac15fc7897055400d3bb59600d4",3
"a3336fbcf758a4cff9776d0f303ddc70",64
"faa1a2ee4ed2c921739cb9a63880a9de",44
"19a34a69bfca02bbb6adcee25d054360",5
"ffa92d1a256aae223bf387a6998e6168",5
"a99b07309ecf2bf9abfd143902d96e5e",68
"d18566c114d92a7884e48cfeffa51f6b",63
"970dbb047f898524ce86b2dc82187f8d",61
"a6c6df1c61004f2675257b11f6d41e69",4
"6c39d91ebfdeb9f2cf2d17825ef6579a",4
"0e8efbac1ecb94ddcef73744fc125a27",8
"e11283c3a9a58e67a76bb0077377c7ce",13
"22f1fa0bdcc19746dee080bcc12a1840",10
"f52cc1224cac807cd42d9a901ed53c9b",30
"c0d5395792eadbf5f62e8ffb14fa0262",73
"52e3eed0e724f68c4b84db5fa0e709ce",30
"c3a2f13f00ca5f5f2f15a65ffe9cb007",21
"7463c382bfee400782987879649b4d9a",10
"dbd1dcee7e54c43ff7007478768641a1",27
"1643734deccb7473097a355e116a8d5b",14
"0562e97bf8665edd5ae85899297a44a8",18
"439c02d956e52731ca4db6ad6aa396b0",8
"2d410fbb21a5b1350a6e831f6890ee61",27
"730a364f420288a95b9d6feb7ea3674c",9
"10f8a8676cf072146cca38a0a924519e",9
"87cba877c935c9124df07960293ae787",26
"9f7d456ad0817e157c98a2d5c55c4033",61
"9c4bfac77464b78fb27a8fc78422cd12",30
"eebb52f42d6873da654982c66737bd96",3
"7a621e5cf70d9efff12c13e0c1a6cf4a",90
"e95117edad13ee4ccab362f426e8c981",5
"b1a818c86200a2e93fd0e03a512b3fdb",4
"04f5d12a5b82fb9a00bd755262a97616",19
"032f61de20498fd80e8138e49f3e86f2",4
"5aac2173435253b7b48ac1cdd267a1a3",49
"d98a62217c7f911cedd7668f5966dc1c",22
"689eea0099ffe76bd00ad4e27492ddfa",11
"fc7c653859586891b25ba71de82e054d",67
"cc3ce01564d13e8f3007d261dbef1a1b",12
"dad41b9aaa2c0ec3b7cf170e67d8f012",5
"46b6dcb1e74c865e636b4e5a26e16901",23
"8c79a5525415c2ccf0cfb17ffffdd3c3",16
"75904fa41f926d088fa054f24e12bc80",72
"8a8117e98a549a48dcdaa3194419ae93",51
"bf6347aced7425a48efd1a1f97e3991e",14
"2a534cda9b09597cb9046d0012b8b95f",11
"205fbf38e907aa1d9f7f72e635d364a4",105
"7646ca0ef79ae7e357c84c59adcf3cb5",7
"9ba47fc317e6bd3d33f70671785ca8f0",6
"130a7d91f03d135ddfed0fb3b93b224f",8
"9debecda8da783e557fdcc3e436f1caa",5
"a4e884151a0752c3800b175d1ed2730e",7
"60477ea3e1de08d8bfd559b75ce1fde8",19
"958d54f6c2724fdc04ad01d39d59aaca",42
"31ae90207edd94c7ec56db3a9778c2e7",70
"048e72d0afd56032eb69cfbb62937c09",34
"66aec999fc8acc724b0995b85ad0eb7c",39
"b91e83611ee8133ec8f959aa30aac468",11
"675c847bccbc53942ebb7b8cbb4efc4d",20
"3b37e9a152a807f0a50a2f9b1131e5c0",5
"32f8fd11d2bee278d609a1d4ab767554",4
"b9c031e8bbc2a75d00ff25c96f727279",18
"cdf14d2fed157f8032715a22d3bf4573",17
"edb02840fe91e2472e2935917600da98",408
"f4c2587bbaa6e03cd0452af030d28bb5",29
"808e3588f320aed2181037ab19997b98",27
"607c956c5acccc78a0ceb90e37d4a39f",18
"4ad293f56fd0b3b943faf27b15572cad",11
"cfabc1d084705c38096261ba7212b235",11
"e3b127c396f19164c9c023f2dbe28fd2",5
"a702e5ec3fdbd4ee3075739e993b7e94",64
"3cb9a0d46d389519c69e6bcbd77ed25f",32
"479c4efd4b4177f3a22bde00008baebd",50
"426a58d7fde254d8ff01fac25e36ff0e",25
"0a21726cd4952a96635576553da67787",12
"2d250d0bf975bc74e5f29a8586d13e62",13
"5ca3b2c361bfd73f240515105b2204ad",157
"052c604a1ba529e7258413e001d0cddb",22
"cdc371d5358fd3658e163d920516d65a",42
"13a9bbe357274b376f7b0406950cf21d",209
"14f3468c7bbb1252789f8373f324f1a6",2
"9c56d60d6c4a268bcac37d449c6b8562",34
"836cd5ea357ad392c00a7e48d921be1d",203
"1b8dec58597978264025b9eba656ffb5",249
"fbd67349783ebeacc69814257b694d56",243
"333bbf9224442fc10cd497377d2b1d01",293
"99deb3c5ecb022ec05609ebd1112a557",696
"fd44d4cb468fd7dc9b3227867714ed87",420
"81316f3caf3599749a9ee37246d00960",41
"27d2c8312f5ac052448ab15db0e2c6c5",44
"89e308e581b56cf8cbf1973af1f41e69",28
"83aa3f57308388b58009d61d7ab9b1ea",8
"944616e6c64461119cb8bbad0fc68d6f",10
"5396d1dd60e0344653e69fcbbe4047d6",16
"60577771512a4a0bb1fa6305ee565b6c",31
"245b2aa3f0304ce3a64102493b4261a1",34
"f2027183495d7c4ae879774c3fe64a47",27
"12dceb83e780338c41dc088a7b538b2f",64
"4a2a91e77c850840f18e97f32a1cbf45",7
"42a43d7f97efa00c5e628a368894746d",9
"861c0727eda00e470f5402868a855ea1",33
"ab0fe71f56f037c786c030f256eda557",3
"c9aee9ee508bdea66bfc26a6aeec987d",31
"d733da8c4943d01b2941785088c05682",8
"cbda6e9567df92b5245c3d649b92bd07",5
"fea4e4723eb1c4061dd19e7c43f2f444",17
"399aba4a578539e86ffad88d07d92be7",15
"0e20d734d31803b0abfac47b8a9343b6",6
"087c82bd2a4c4d366cc5b72acd14865d",27
"f79732b4f8e4b065b15470f1dbe9fb07",34
"93b70b262450a7c432777c42284ed7dd",36
"eee58fcd7f61a51591b26953347a023a",5
"03a21af385f3f75411a8db880d971a48",23
"a4f14917947b41fc707a28b6fc02aada",18
"1d9c607939c1ee71ae4b06698acbbb3f",23
"3ad236df673cdbc3ad71a8441d9e68bb",7
"e09b142af4a0ccd78384239dc58ac07d",6
"1a6fc96a6030133b90646735a43e7c9e",19
"40abd57801112abb5e4bc0a49654a73b",33
"0eb6def0b4534359bcd67ac32fe46ec0",136
"f23ae79b8e8f9da6aacd23180c2361db",106
"fb61156c510a7cebd701616357ab790d",59
"00dd30f68cdd690b497aef1f0afbbf92",9
"9ce7e697367499c26f59258e4719af51",86
"44f90a57b1da634d94e3f0983d83fc24",5
"7888bedb642479dadb56bcead79742bc",34
"ad57d05ee510ef3c6d73ceacad10bd60",6
"0e820ac4ccac286677a25618e483bfb7",28
"4730ad44b9d01a4e32f8dc002549039a",23
"7cfb7af26cc5a09a565b167aa36b4b1e",12
"ab4bd03a1b3cd60e8e055f978c29798b",110
"b6aa0321169856fa2d98ea9a21520b5a",33
"1df7f14ab536e428666e0751da20626b",17
"2d87ec1e4b1c686bbd81ddbf6bf686ad",20
"9c5546463aabf29d7687595be8a744fa",5
"8381ebe48016946150b4afd5c4b80509",9
"80156a49f74e047e7ce75972ecfaf2d5",3
"04da72f45b514e14cf44169ab1daca2f",5
"2cd00ea627d63b6c55af5d1d65a6cd44",34
"5458a9497a9a19425a3427e0db09c7da",18
"c39ea129388a077989abed2081b5fe88",51
"f617f0ce888fe9b6b91cb9069b7a11f5",6
"60e9ccd9b2c6ca734099730ca97bcbb4",36
"9555acec6ec3beb981603408e9e883a8",4
"b424305b05204b315f89082a92811956",11
"a2442488321ea0f7d9806db7cbf08406",28
"c56f6aca43ea721b3388159b2480a023",32
"3489de8db340062cefad04c149d9f900",38
"4c64eade0e2c5b0d6058a6e098641d95",13
"df7763a964c44c87b9cdfd6fa038d099",5
"9220e9fe183176e071fd4208b315c57f",82
"5abaa879a0c022ca056a0436712f61d8",21
"673e6b6cb4b68e676e80287e20ff6598",254
"ae5af18878832950e462c5947b508b18",3
"db11bd15549bc4a01b6c1795e44a4d2a",2
"9f46e27e760bffce913f728b39c8e044",131
"d93b123098236d27ea93bd41fa983e3b",163
"2ef6ba8090bb34dace7c078942ab57a2",25
"4efca42963985004aaffe7087444cbe5",18
"479adc95e0cddbc2f83c4c9a11b984c6",91
"4abdc5eebbd140951eab011d7698db35",30
"934f3a2bc2437e32361c9014a234e91b",87
"3e41de69e85509fcd4c896120ebddca4",94
"62ae0d67618c55d692bf03c0bd81a633",76
"138bc0922a2ce184b9cca00dae04b7d6",164
"d5e94b36ce9cd48d3998cac0bd4784e5",5
"ba017ecaa3cafb959688f207d620c328",10
"58f49a01f5a3f1eb05f255a62f154518",35
"6828a31b2cec7bb115617b3518d1e688",17
"70dfff72c47b8572644283163bfd31ec",38
"e17b79ae17f3d0177014057ea14b31b9",154
"8740e882290768426a5b1c94b2a64496",66
"731b86e94f18079e217bdb878ea16130",45
"4b4eba01fe560af4b8bccf0d2f6265c5",41
"e8010b1f7a8ee558155165126d176047",35
"f87a8672425f3d39b91668134aa65a70",62
"18e494ee495244df892c9843b9644be7",24
"bce452e15445bbeda0eef135c249239d",33
"8fa6259a221395af886952db7ef1c624",50
"da13093f66bd15218b6cceeed1a35835",58
"7a9d5f8f0dd71877ebf5b9a6ba566e81",85
"9facd695dccdf73668c3805dc0f3aad5",19
"c643de0c0060fede638435ca40de91bb",27
"1af9794a702ebff6796f71ba1dbf11ed",56
"67f204ad6d225962521054f9f2005e34",53
"f61dc37945ecfb60c014f99926e84d40",110
"a4840d63a1fdce9af3100e056b1804e9",6
"ad81e846f2e3514d74d6c6e1fcdfdbe0",10
"b83b4c50fd27426817f234b6118d7a93",39
"8352aea30f08f5c5a26ab1fd2ad9a156",19
"09b0a1b91a26785db2c5d13993a5f401",19
"3fa023df81bf52fa9f7671a72742d3f4",20
"9078608f8e979abd5f8e1c79ccf9b904",27
"54777e3db971162d19aa1fb60f8fcb64",13
"1a377331297bc93d0bf46eb1c49c7226",12
"3b81118beb3f1669b99cf94baf2f8a91",50
"1ed45e9b17b38bceeee1f9afe9aaa44a",164
"7e18a39dd964eb207545655ebe71a459",4936759
"4f893684a6f7ca40324fc34976615a6b",17
"5f8f8066f6ffa1a360912ae396f96843",24
"cf88cdf7c43ca04d1bd2c6b9cb71a3f5",41
"234c8557a83c742322c7da6ed9a34661",41
"2e4d6801fe8c05a15ed5213e2c2fae06",38
"0c4296e67cbcd6e11df8069647b33435",9
"8773fc044cdc31c69dd549de39d43da7",81
"7f0c38e8280b5f3380c579f038f789de",31
"ab31b0dba641c41a6e16a4f204e4b183",61
"fc646e7503fa6eeb24544d3c5b6ed650",38
"5a1cf72f08ddf72b85f126ddc6ca895f",81
"4038f38059e44db66c96ff095595445c",59
"87c78a55c0faf7a15978a283404e59cc",28
"69c93a457c249112534fa799dc819127",45
"8b2203a59787a9134a8b18040cb74a70",116
"6d440be0fdb42bdafde6dc1920f4be85",44
"80aa12797bd9454e798a519ea518df7b",172
"913e856e565622ade58b1c71be3c703b",29
"bbd17e22fa8e6af1fe9b43246b788caf",15
"321b61e27437eada7f3eaffc920510d0",72
"90021a59eebebf0f34fb83e40be6e7f0",107
"3d65870e328a9b4c5a9a4b277a02b8c6",35
"b74bb412a90b927e38ed38f0a67f8903",22
"f7b5e704a9621a95959f22e4d7ec677a",94
"bc5af9cf5c47c9b77ef6f1bb395e7528",8
"2e11d407620eb9fb6789289e9e12d0e7",4
"1e55362cfdded3124d58c45d10910511",8
"e2bf6ad79232b45c51fb6d9093bd9051",4
"872ffec46955cd9cffe9af6fb862b654",2
"ca6bb8cc28c25758087c8e7ec3809dca",4
"8476c6065ee8a8a9aadf06301545a359",15
"e6b3ce66aa9cb81fd4a78564238392a2",8
"944777313e741e4d9a72cd6e146c8b61",4
"94a3335eebb9e8317e9500c210eb66c3",49
"cb1a1832de69f78aa14c50812b6bbc99",64
"191da86941ee295ece2417f3cd0a6a12",87
"7b673af04ecf62c48a3bd01bcff801c4",14
"971222b24248a99b386540ceb51c7099",48
"2ef3e4201a10ae5ab104fe6230403426",35
"3cac2a739c9110a81f7f7764c767fd02",2
"433e87cf6c72f8d5fb9b0b6c483724c8",12
"ab45b15586ed915aaff3b2af4896478e",112
"d2863e8feaf2cb1d76a8b2191df2d9c7",4
"0d595c066a18d0b147f7afc2202fedb4",5
"770b96359cf77af2c6b68eea27f05928",97
"c134d7754fab4e679e4a44b726f0b30c",34
"7d663a455ee701260a783fe028f4ef5b",59
"77db6e9ab209698c98b5436c06f39764",62
"b733033b281787ebda3b06786f5557a2",24
"e17ae05f4296257650932673eb44affe",141
"74c7f8d7d115d1d4fe4d37f0b37227ca",55
"f21e65a95091054077bc8059d5450c68",23
"714494dadb2c564f440f472fe1595234",5
"669b2f835eed5e300605279e5a2df0e5",168
"dcfdaf67f0d823fbdd13f0b4ef192fe7",48
"d94e7975dbd235029486ac166d91a2db",80
"fccbdff8fac6bb4a77fa3e3d96e7ec2a",78080
"376bee9d822b0117a2401b19c35f2581",55
"4ce8c44d754b67f2d3ebbbe6da06bb5e",35
"95d1be7cfebbd359e28df4e2447dd81f",77
"648a7ae802280c2d901532906f70cf5c",25
"df96835bbc14d44ad084df373086686d",83
"4ee388e0ea70e2aa5bc98bad119177f9",38
"91bc504b1fb9dad45a89e22038c5883a",62
"8d997d57055c4ca651b6864794aac24c",17
"1e6e2968d8d1bc7746a94550fc89048a",15
"9dcd05e2f900431a5c267a4b853bc2ae",128
"21ec4d257421a662572a9f652d68b938",47
"b5be958a2367cafcb1cf9980e1efb6af",30
"3002664ffea883fefeae488df3beb22a",12
"7884adacac15c28a82c24f244d8ba5a3",910
"0d76236fd54ce4d1dcf1792b42d9ee99",33
"72a5339ad3fe9cc42a7403d60f00836d",18
"0178d44452a388c206d625e980f76652",16
"72157e01d951b144c7e9174c09766338",3
"84823877242506713c7e88586765a38a",9
"c6fb8844de2c0c098e27a9cc33f3dbf1",19
"1c58e786550cf680371ff55bedc557f5",20
"ca415c3624ceda3fbb125a12a69904f6",27
"43c1c7c6315b5835077939164f5e4be3",92
"faf1da4ab69406d6c1a7ccaab86b99d4",72
"73b6359272215908c8e312cc7a0c67f4",103
"d64579bb475c4f3254d57cad7fa6ed46",84
"d357c59ed4c29fff11426b1b000fbdb4",126
"3e8a8e2047fdea41828f55c4c1ad5f1f",20
"80ea577eda33ae60e18e4e1692484904",23
"9137c6b8afc2dffdb42816f3ae0522c8",85
"17c368b7dff9e5fd3ca3e3aa489a158b",20
"5cbe63726de7f35c6e9693ed7c6f0bf7",49
"9bb1c3ba9441b3e61dc0fd9b7c330bcc",59
"6c250afc08c95eb4d2fc5b8e59508e66",55
"a4d331a974c950942dd5e9205ffa23ca",187
"6cba8c83a2c05ad89c8aaf31819f5cd4",95
"fe3a8b6181131349f6e7daa876cc7001",54
"e46fd601ad5784b7bf2933436ecf3dec",127
"82f1c7921b9f247f4ccc98230b8f1e01",12
"b5d0775731cf9deb4aacaa9af149d733",55
"3fb11383d86dfad2dfd111339161741f",42
"f50e5fbf0656b199ee368d21e159381a",13
"a3022e8ed42cb33e0ee95f6c8277c17d",143002
"b21f8cd99a1ca2af3f89fd2faf0ce13e",33798
"4b83923e418fbc063c04223327cc0a3b",7
"f684aad0197d6cdb4581bd4589e4c3d5",69
"3973b8160a835d37e098bf2fb72283b4",49
"5fdfdd3e900407c9c1de71aab2e53d4c",100
"e4029b51c6881617cc1bd408c9ede164",46
"59850c47a76f8d66e1620791a1026465",119
"280d5a6b53e3154deec1e44e509ec856",8
"40258b7559f164cada18960a58e00881",100
"ca8b0b8973bcb5451aa2cc02ecdff0d1",6
"6d3a24ed0c96b041b92dc1e3473cb182",15
"870ce58a688526285a3342738d519c4f",2
"a2c18a0dab738aae8de6e1c6c93cb841",59
"8aceac4f0c1010d958a37b312fe9367b",6
"fc21270a159b8ba0e2b17b010be3058e",7
"8a038b6d95b921b44fbd4007acae005a",172
"892a0fc53b26d6a2c193d145b2464da7",49
"a07da0b3fd641e5e0ec3fc9bc831cab0",13
"4bb684e7960675e87f5a42973202df18",27
"b5d8860fdbede1c8a26eea03f338236d",6
"a44850412092976a460fb901e8814751",15
"10c537129e69bcd1429de8a1f905477a",193
"3f6db5c8f808507383adf9c6acf284a9",13
"3e21c4819f04c508d2219d3bf05a3c30",7
"a821a7df65c8eeac6d27fdae47c1c46c",2
"dfbf1ca54bacb0d57fd58b7a5e25ecdc",11
"84b2292fcd89a3e6be0b088b3404834f",97
"289811f7d4d770d3aafc67c5f8983af6",85
"83f7f6f033cba187fd273346577cf438",19
"7312c579c19156185ac76550f0a6d4c1",68
"d00f10a967d4b410ef99e20e7ab33224",7
"5ac1db83f96aceb56da92a02acba9a1b",25
"ce54fd570e2891bb1c24b6b985436151",27
"31d4572dad6f635606683ee063f09015",41
"dd7290633b5b852711e4a9aa81321255",36
"0460ef252273c627159cea563b03dea2",5
"999afeb4be8e2bb35b67633d7bf4cfac",6
"fdc40bc4bda39f9f44340d30a8db12da",6
"9977722b69b29a7df0ee2f00532d3856",18
"6727e76f66838239c68adcc2dc4e2c22",30
"bcab49b84a43e692d9871273d9ed3796",5
"b39668fc840b4fe7e1c4634d88511fcd",20
"b791e20f743f9eab72419cd7d7a0d8b8",2
"62487079a2add4be72e0c0dda2c858f4",12
"4ed4798df3bca17823826ca84cfdc205",27
"c9f3278443d8ca1fe052cd9ec91428f2",2
"b7e0c29b302ba6784fe4421f139b5ed2",10
"368900ef31aea683f7bbc59897ee925c",10
"eca3dc87770ee8cb65ba27fa2a7db192",18
"11c9ec0dfa3098433df7beee1c49654c",8
"1d1d68c0261030f6885f385754f10174",14
"94129c53fda7a579d3cf1f7bdedf6204",10
"7bfe9e2c96155af6078263554454da73",7
"cc4fa52df98f9d4de628bfe629d27f2b",15
"e4278f7eb9e1d1595866d1c4440c78c9",36
"807fbf52127f1645d422cf5462fa4cc9",87
"2c87d01f359e7d77cbdf931e0868986a",7
"aae414b86266041fe31ae5aa0e227017",11
"f8c246ec3eebe032d255019ea80f8306",19
"0019682ac36a47a0e5b77bd6b068b310",69
"206bc29104b1adda21c091391c319027",10
"6f2430615414b859715020e341dcd6a7",17
"7b8a639124115286b6086b3cd3a0d15c",51
"f5893aa6c11b591a426b95c98fcc4e87",4
"ef38c1512ac62be4d2d18a0e792ba501",3
"92a52d20ed378d1ad2d6426fa89f423a",108
"7997816ed40351a3d72b3add0cb4c9f2",16
"2a12d3eb944c3340e51f1b2ce8c5308f",20
"8685ef6c1ef73a8e0ec5ccc1ecd70219",24
"e2d3342f9621c32adea70263f7753424",2
"427f0c47823da1e2b7e54430001e5a7d",18
"19a48a1c426aa9aed867e4419808057b",2
"37c8e38504781f11ed73589766517385",11
"723d0b2f88515080036dd860aec67454",6
"6bde29dd36decf10b5460c9f6a88398b",59
"28b758914a76bd0eb1b6d7470c74b611",7
"4862bdcd0cdb980483a0c62958e42c2a",10
"9ef66703509ad1a1072ccfd14a8263ab",16
"0282ee5e3f16fce4dfcf4d51c4fbf0a4",16
"a0661df4889fd5f90eee8024ee017db8",4
"df2cfe09dcc6604839abc9108d4dda6e",51
"15f97059b5657fc551712ef3b2ab0ee9",41
"8ef752e645507636c4fc4b8c3b77f7a1",15
"ed04a525d9751330e39b5378f11571fc",37
"cd93017c92a76a9ce9abbee5f54f88bb",38
"c757ad670c5d796cb866c941c62c4e33",37
"f9491c3e6b9696bee439b98d32336180",29
"cfcd66c1310f85d586280b6dbd829635",151
"8bc549def1eb6b93a0205724f59ec806",42
"435d935c06c7d61e09633c70dd547f22",8
"433af7c98182a97f7a03a6b2c3e3c257",5
"fca1ed7792b0c80cd00c60203ba400e8",35
"df276e6926204935a943b26ac2d4a2a3",7
"3749c8144134008dc456707162288441",73
"7d273a9655fa82b3b246257837cd9e2f",5
"029405c5205adf720637c792e31b10c4",64
"be3636a0c7dc5b20006944757968017d",44443
"f2763472ac887313b3c1364edc06a3b9",48
"32332b769f332aadeab732e3d9785fc9",76
"d41f6177db9a23f2c043d85c86823523",3
"9ac9a274b64edbcb2b5e1e1c81743b51",80
"2cacf7ab29b06bcae6e5e9d878c6cfa6",173
"90c8620ca1fa0ac3b6e21ceab9296c80",6
"d6adb91a4241ed5e84d12e22b4b99438",20
"a3a259896cdc1d3cc1a1dbddd1450dea",8
"b3147f7e4ce04b6217716883f3e650ee",13
"b39d1b494421cb2267c00b2e7da54fa1",7
"620c8ee99810fa6e623b58c5a0282b40",20
"302d867c56a1ce312e124a0d5c3a1058",51
"9c29f976b58a3f6ca1a2eeda03fe784d",263
"2550555012bfc9006766f643bd4e3934",35
"b0eaa76cd6ee438520cc6c125ca6bd3d",5
"7249c201614d4cd850a192c0a59cbb98",38
"77aab9b52e04b366925cc2b6262daf8e",44
"d544598bb85d78a7752148dc0ed57101",88
"e0d4d32debfd3c0b3697e9c363898643",12
"e6c4a7258a21cb1ee250bdb71efc5c98",13410
"2d28bf4b7c749057340e22fc930d5ba6",13
"4678e4d64ef90e6e0591f3eecc934ac3",41
"20e97d36442d0ecc73d00384cf9f5c4d",76
"e29719d7e53c23d71046f9f258270a6a",14
"672f80df526804b44a41e50b3e1e5ab4",205
"cfd0e47c5ed9800262092a28d3367772",54
"70dd82689476ca46b71011e97404e93a",170
"8806d6612fa6e4c76f68ce4c2193cf1a",73
"b39c34e07e6f92d92a019ae9754bf4d0",141
"33ff6a6d0acc392548af147481e3967d",33
"5802b1a29691971b91bfa42c696c0f7e",216
"d48edad17947db3f400b22a30ca35c44",512
"c1c29e86eca994731a7345f692c22835",126
"eed4445c6828c17a10169e46afa6fa5c",27
"d15bd1dcb9de71d7452648673a59f5b8",212
"db0587bae4780fdde3bbf97fca417c21",11
"8553bd0dbb73c5fa6fe8f4481fa62bbb",106
"10f80efb2a692c772c9f1bb7bf83691c",40
"c6fa5fd77a5483314afc1d62c03864eb",145
"33e95214ae63886f412eacd2b0b5652f",53
"e4bc0d6bdb3d18fdc783ffa1fe600172",89
"e2b2f7fb8fe7df791b2c605a9e2e2e91",14
"0366e902689290c2a72f2c3102c7ed8e",3
"8300bac1247eae681f4a8d16aa91bdae",4
"a06ea791a8cbcc529550acc9fd2c53ba",28
"035ae6f2bef54783090401e18e4bf384",29
"97a4c05b3c97c89d55fa1d3b152e2d4f",41
"a2d407c35eaf1d3a601e24a82731f2f8",88
"d9522f1e6ef1049ab0a771effa647972",70
"1c671f0bee3ac91987c7085a67c6516a",92
"e062f637fcadd9c69fb74d46ea0f5f1c",30
"09be9b058b92bcd4a011e6eec307bd8d",128
"ec53dc517f487b374366fcfdde0dde38",27
"13bd9456928c1e7acea0d0e19413f727",17
"375e3bf3afb9e8ee9cc40af8d384939f",54
"dae9e3c8bc0ca1b6461a291c85b60990",76
"18349079131a5693061942bf415f072a",34
"735d36b9d8a1f788a82c08e78fc2f6c3",35
"f5ca7ad491aa48e2056f3608a4dd686a",38
"7ee8355c61afd9e7c22c782c9f8d4bc5",69
"42b98a878c84eca121b526e0948046ab",47
"568845c4228d0975ad7b563515823cf2",59
"3fd1d9bf53185a6230f6b976b48bdeda",80
"c2190308e12cf056df1226adeff4780c",51
"9358b1b1c93a2f84931689c09c0fc86d",103
"5b6f8fbabd1b7998dbb4a567c9f07876",340834
"6e2570cc4f4fb253c8c29fd132cfe405",62
"0078fc2bcfb1f03df81de525aebc6ef5",114
"f436bd48fff80eac9dfc0a6a75b4ae2a",30
"af5587432e256ec9d54fea1ec913a9e6",33
"ce9bffc0ae19881a124004f17d08c722",11
"de4b47a356c9693d20a580d640c27566",48
"f5e93046010aede796896a89040d4802",101
"1c8cc1bdf94c8cf2dc66beae6b167682",20
"5d7703edd8670b9d4a2db09fa1a6072d",135219
"b17ccbea80c0e89b12c12c3f9fe9e0f2",27
"3224cc69dd8dac9b9b878180471bfa43",13
"4a7b4f83d72337a9ad9d9d69b8022659",20
"eb7e0f7bb31b37a54b5b5c43af7af100",50
"270a401d32899cd7d6bf0fa24124a28a",29
"bb1011c34057b8965d4d4abd6b368643",28
"f55d19abc7a9115845b0115270e88e9a",9
"e00254c81e0e58719fdcd510482c7e80",85
"64a45e1d5017f4da226990221283c9ce",21
"cb2e86e5c0ba579f12a3f9ef385053c2",21
"3cf6dd2ea6e2637e61815bec222db01b",18
"17cc7d1d486bc6619f22f6095652790f",33
"2e9e41d2ec5d2a3d35bd8f045b5f136d",145
"5452af9be692ed6c65826ab4c9991dbe",637
"ee57363175c6b508ca794ca115859ff4",282
"6185bdfcacb3bd0183b89723f0723f24",4
"7fb61219e63c477dad18086d905f91af",11
"b61b3e6e2563c69189cc2fb58555733a",85
"e2fd47d176eedbc69e61e371305850c0",73
"f9889f0d7c49e3bc05e1ec2bc6ae150d",468
"8f723c67185b60394399029cd030d8bd",22
"2640542ee27ae36e83f51350f38b5eda",19
"42dcf2814bc8efdd12d19ccbad3c6551",12
"ed4d7a40bc1fafa5a9bac67f7a978284",11
"34244f46ca2dbc7e4f45efefd6ee8dce",11
"671842f7710488370120f6b12d932885",4
"4d70b3e2a7d274e1b987c1f761734d07",34
"5f676e17b06e4d9f5695c87259abfdeb",14
"810d24ee924214144b5ce85d1626f9cd",76
"e5a38b8df411ff3d9ebbdbdfa74088f9",27
"ec771a902b82e4c3979d21e0dd412117",52
"2b0465940c73560997cd2f7e8b41706b",26
"ea244a84113e21ee1e17867d3992589e",32
"5a6a675edf707e6f6234d174235acea9",44
"3aa41842b6bdb22538a21f854050c2de",20284
"62cc5ba70052441eccf4688896239d67",2
"4ff044482144d65a4267a4e5fb2cd252",3
"2e797c8ba55550e81d9e9fc95d4a5260",59
"2325135a8c92d3f3f2e2313056f50da1",52
"ed67376c35d75c211dc02e90e7f1e711",35
"4b963ae9d0c47c2f6b2e9da86401bb91",1502
"de7e45ef590ff8fcd1ba4b2ae74da99b",76
"be5920b5cdd172b6b2021b6838baea18",16
"3463bf02053846ab49730bdbc8029d5c",51
"d686534c1d39377f89d14c26e206690a",63
"4c1ed58f3629645d238c10a22b36cd67",119
"52df363ad211949e824f091b1aae2ea6",19
"10b890326e2b0b15509aefb95d0d6b79",337861
"750ba477ac3535646f35f52bc5414b9e",30
"85a105840ab701610d2e766017ea9ec6",15
"f2f4f7ae79cb05a7f917c387b84b7d82",66120
"eaff92f32410642363c9c983502afef2",27
"720d4ae830bfc99c5a4115838c7ba1fc",33
"031c087c5bc45c4f90f48dd2d0d32e1e",18
"c1489cca03e107e9a108e0656e51f34d",80
"39a7eb9743e78220f1eea3dc5923895d",21
"23164542794ba2d51dd709b5dfa813ec",21
"6911b103fc24f26290b8684aae98d18f",18
"5fd653bf3bfaab1a59348d8a4b1f9cee",6
"f2960951e45eb0de0e81b636600856bf",5
"1f696e5ef9b67ee47f7f26cf53f70b39",20
"60ef9982f9681a27d349087ede96ab68",116
"daf10cbee8e2f052dc3e55a51627e4a2",6
"445259de9e3402d58bcea3c52716db2c",2
"f9155144619de1f53e48145337fb3dca",39
"9bb6f8187af1c91a585f6f668067ae5f",80
"de68e9bea9accb99dcb0d8dc81931e9f",31
"fbe8cb65e8051eec447d98281141270e",65
"f6945433484556d1c2a530ce33622237",27
"ac7aa7a9eec170f078411d5e3a1a4d01",2
"f8fb09f00828e17d48f2910e3b024a3a",6
"c440a768d0f3071b0ac941d33a619217",6
"93ec6a87c3dd2b450610a587927b210b",4
"ba893364f9bb99e4b2decb4b42ee7c5a",10
"173f2f716b04618026ff367fe2d66348",12
"fb6efb4867f95bb6bb485d0e97b313e4",12
"dc0dae400a2a42188c85f458887a8ae9",34
"4176491e77c6b81bace68f3d25ad3144",32
"9e59395a8df0096dc8f6c946605b7799",94
"ef1cf3cdaa53a4089c8ec7d300e1fa3d",56
"761d3f2d0a7d4bf95b5ccfe8aa68eedc",8
"6b8a3d64005d93338323a0bcce500d7e",34
"a8c92cdf0e827c5af7ce9b4fb61b059c",14
"6d32d9a69578d3368fc9962d872e28ee",74
"728bb210a7a44ada5234f1eb85aad797",128
"b21de8f97137e89a9c1fdeb3437a2fc9",18
"542e48e84871dc2dbacbed63a4d73703",52
"3046627c356a24ce50a771cb00466245",10
"9ed5a69c305cd9031b6d38bb9f375923",33
"0c640fd990cdcf934c268ce52c0c911f",162
"4d7dd0cbb43d17d729f234f2f0bf62cd",3
"4be367a4403d799277e8422710180dbd",34
"af4ee59daf12a73176c75434bce7f453",9
"51f7fabda2b08543df5b2891a2d078b0",42
"4dd021ec5a9a60ebf8cf989b62bf7fb6",3
"785502003936a9c5a9495304e36500ad",234
"95b4cbbb18fc0f38e43da5f7b2cd3517",3
"8678dea077ece20287b950cd5bc66db8",7
"714345f11933de071bf9c57239510151",7
"ea741f106c615dce38af3f2eeae15c0b",47
"9bc8a76f719e8b3f68db4dd510134880",14
"30408c65c99dc72a31e531c0e25582e4",540
"a6f19a19f2f7e2bfdcc6e399006d6039",11
"39cbb145ddfcc7b1a168be61e2ddf273",69
"43a77ca6111fa77c1fab2da36a791dbb",13
"790415e9a0e84ed65b3befdacbf19f21",29
"c302ab9c28ef70954d533847428113be",19
"960ecea1bbd1792534b478a3a66b2266",23
"b26de6cfc6bf9d37e5dec22dd3ddfc80",69
"64e60f86120b9f756d48f42bca784128",119
"7635dff4f0142c892d0bf8830c60328f",20
"28bc4d20befe48bd9fc12456d11ad7d5",36
"c8967cc9dff2f9af49b53902aeb4be33",6
"ff1499ada052cd03597dd067ce27e662",14
"5fd71ff06edefab5d7c893e57fb87d34",32
"afaa396c72fbf2d627b27d5a8ccccab4",21
"fad041dcb294004c52ed306817ddbc68",21
"c9f4cac1a6af4aac303c87a63164d107",9
"cb354025774efef9937843409bb28e15",370
"08f5b3c80965b0f2a50f38ac86a5b59f",15
"7824e6a3ca9ffc69210d217894ce9460",131
"f641160ec9f5e9d6cbbd4365b8cd499b",4
"77502ef24a8c2aa93880274e3c1974e8",27
"14a70b1190adb8d302c16b500f8910fa",3
"0be6e0c5660b8038ab7732abfe6e7028",26
"0e9ae3d0137092a4fbf8d113097c38af",69
"59e8924f445cf821135d70d7a4802654",7
"81138ff1990fe01573191816613830ab",46
"47f2617de53ce85d035fd4d1cc587272",74
"97e244b4de262c8db7433662ae71be09",28
"204f2706b74250e42ed3754b1d655ab4",4
"2e82516243f7dbd2b25afff36f859b37",1853
"176da06264f4bec6bb9862a6309a2d38",34
"40f3fa3e7190c8c9addc49ac84fb26a6",6
"2787e96264412b4e9e85f56fb3af3f25",62
"0f97fc907d4a9a9495726766d16df839",57
"62a9a5ccbf90415e5c673b4e68dcb0e8",70
"3b4bff8cf6d98b016d87a3dc58cb68ba",22
"ad8d5dcfd405d27e52d0e30d2a6b8093",275
"760cfdc540344592707cb300bf12cd91",6
"d86c6987d2f74469ea2c6af4680362c7",11
"c4b52e325c5de186d42ec12a22885df7",40
"4dc8a2cf1161e7147355f871ff7990c0",9
"fcbf4743be43e63092d2c6626e1a438b",3
"7f17dc947e289dc0ab34b91d23fc8d95",48
"ac4992288cadfccab42ee0b5b68cd50d",34
"4ac1ba7968697c58abccec7fd5ff5ad4",10
"ac55832c53a5d05ebbc3fe06dfbbbbcc",7
"e92ec9f2f1389fc719cd6d559c09c891",27
"6a3b67cf453935c2195acff2848f74fd",30
"231f09ba26047af38c3ce51de2880125",59
"d0826022281271b0ca775aeb2fb64392",21
"65546c51819b14695a5945b21b9827b0",4
"66430aa1b53164cad8760280129bc46b",23
"f8c551563838394ff8a2328f12ff75a7",21
"7f78fe85290d3d64f780a20955035fd3",3
"508e9c5410dcec7b4574593b2a969090",354
"24055c9a3d2b339846662bc114d7f158",59
"4d2e6b96b5f012a1a5f586058b02fe34",6
"631ee4715259b538a1e39c4e63e85591",2
"881d292c0438421b14a4da85a83ae175",10
"c9eeb9179e405b1fd7846a8aefb864d1",15
"68cd74cbf91ccf98f09601b54a1a2292",5
"139c0ef1b438be4c56de08dd89835e90",22
"65e01f057c8e5e7c5a77123f66afc7b4",13
"de2db5c0e439f95790b2e546fe5ca307",42
"e31046f9be290c59f1f6b8458b4fa7d5",6
"38d4534a0e1cc4472e1e990e0c86d8e3",5
"cc2edbc7cb2c41fa2e44de9f7e46a98e",15
"c595940926ac2c5a30b35c8c77c92e98",8
"c8c2bf1d653193eed1e625a3bb2e0f6d",35
"84e2dd9c716cd3ea84b8d60fc8042701",20
"f6aad2502230d31efaf465c52473c75f",12
"f02d83647849766acc6b2ebb19a7b045",34
"83aab25a1c92c783daace121b1bc7d17",24
"04d920b39951b7fe209ede1e0648a968",9
"9b4590f13cad59f306a9d3500dcfbb7e",40
"acd30a976b8e4e5de390e4985a1536b8",9
"7154abd97b073b01a8dbb3422bb0f307",15
"8b5e6b92f2d12b6d99797c68af46a970",11
"77610f5eb6f46a22b50751f332a9ff39",10
"e3feb42cfc39c1cb2c5d22238fe4a3de",30
"f4aac1be565f259639b655e0a69d992a",5
"799af9e0db53743b9c6ececf907ab529",26
"5756f8e3d00b648e7032122018b288f9",4
"690c48464d506b0e07bf7bdf6ccc0758",13
"12dd6509c32da6a9937d21f5b52f07dc",19
"e22b87700460b124cbedeb2405568537",7
"8794266a9850580f5e066fcd3caea9c9",72
"f9c5c1bd5126a897c3d122b8d8c53c93",23
"52f00b06dd9754298ed46da86a57d7dd",9
"905917b7ea23d57937d34f529db1228d",5
"790ca784035a19e10a0509645d3b648b",28
"2b5d99e2921cdd7ad831a55b9b86baa1",97
"32cc7d0ed5c90de5da5efd27771e3152",33
"17796f84bc1bab7e7cf8e059a0062190",13
"39ba1a27b69cfee5943d62241722bb01",14
"18916038b85bf43c945dbb17992c4c63",28
"cca9da3e03bac557ccba323df253ea41",207
"07b7033236c9776daee03dc080cc5fff",47
"8007dba8d2bba8d39b73dfd58d8fecfb",6
"4f4220712e056f3424e80e2162cd34fc",4
"76c79f2abc57cc084ad58546922178ea",5
"b70052f1527ee64b4d266d671f5a14c3",13
"2c79c63cbe2431fb26273878631cf564",96
"5ac93ca626f07732ab0eb88164497144",87
"8d1761da3df16fe43e34eea0112ba8fd",54
"0998f8ff44fa813e73d27653a42d4517",75
"2b455fe4d188eee4222a8544728ab12e",21
"cc41e8d1f722573ec6ecab65b5982018",11
"7a9a200d3931e7f9a2b3b78f659a143b",62
"e6d4bf10fa136e576768dd1ab20e1350",12
"89357e091b3c99f4c11724e9ded56363",43
"1e0beb5dc9e5efab88287326748b12d4",24
"f69399fbee44d39a3f2d23f15dc9b57f",304
"c5bad138de410e3fed48f35caafad40d",3
"a8cc96f778c60c83950a902936678cd2",89
"d9f7d1bb4d654d0e3a2d06621a467d5a",9
"9e0fddf6c77c257012c7c79676c4b7e6",41
"36ad66188abca71723d186c0ac296a7b",18
"b8968950d55713b534efe2213f7acd05",56
"7655b5c9fbdb00945d486de58ec32054",58
"c795015efb6ef24506a9247cbb3218bf",24
"f5d2508fa5b880f072468b033525f2e5",3
"194c1159c2f83a611f2fd4ff6e88d3d2",63
"51712f6436eb0c50c19d267bb44010f1",52
"332a6411ff00b4010ac2397f504c4695",21
"7373148ff532993e0462907b6d8a02dd",27
"f301c4673f6655abc987a15b7c67c5d0",37
"e244b5a3cefd0a6a0ee1a3270ff4a4e7",82
"77e83ed56f429ecc32d56fee29f3003a",4
"9509fe398c76e957bc4d89a80b568833",31
"f785b43b4a31c81e29c8c557c4d9ad17",3
"e0a56337198e995e338323b2ac3360d9",70
"24b9b8958cee13cc73af8aaadba47760",22
"afadeb1f4f2b1c719a5c16a30609d987",94
"57191f201fe83851e070471fa5c2a95c",6
"44b829b53cfaf0323407e2e52907500d",5
"c684d51d754308e3616d2055cba58db1",39
"195a6faf067d7e7afcefd42a76f1e1dc",14
"31f567f59096ed2d57feecc6c3621a58",30
"19da890972569b6859c360e9b4c8751e",26
"7c901139e6167fc06353c077328d8fe1",9
"d81003d1fde5d5f8054aa294b92f98d4",27
"23ac419a04c25190e79ccb0fcaf5b2df",25
"8c46ad67331d2bde87ffa028e71c3907",37
"144452af9ef01c771e2fd771e29c119a",59
"7454af7a17f2e89d99536c9bc0ec052d",15
"5ee669cd8d53e3cd80cd0357a6435771",10
"c667b4337a0b13da7982dbc20de59871",66
"6a66075c67ef4eb09a4e3ce2bfbb9709",14
"2dff5acba46018689ebbc046b9e08e63",8
"b0be97fcbecf40a1aea060987e4d71e2",20
"3d2c63408e49621d9ceff09a69148238",27
"90121bbc70f934a63acfd485b34ce2f0",15
"422df878045cd9ea630af13e9fcf702b",29
"02d05324aaf1f86480f97fbe8754a178",40
"78b1c99b0d38527dfafdc39b75b040cc",29
"e21540c416fbb1fdb4f4585b0f6581cb",4
"a72a766e7ee24cf6f154d9e63ba4d74d",27
"2ff523cdc71f43229e8f73bec57228a6",8
"8562afaf3955423d4eda6d71b8b277d8",38
"adb19ffc55be4d7bfa6dfc410df63dbd",27
"a285136eb52ed887013aaa7917ce5051",12
"b83ffbd2f2b6d36c8d1481a14cfb8690",15
"f8a0e6223da6dc908c89b5f06af7bd4b",17
"6627cdb617ff2365d3c4fdff45b18fe5",25
"72ef7c7b728d294c29f0d2dbc4ba4dab",20
"6e4b50a611f333bfb12f3b9a4a9e8b61",13
"d8ca1b895e5465cd2a35fa9d0569783c",24
"6f1acced39b12a87884da054622d84f9",8
"355bb1558fca06b3627833e42aa866a9",44
"76ef849cc891dab81ddaf5b878438e83",134
"2308b53c0d1c7958976087932aacbc13",46
"a5c4d4f1957316292fa6445a8b409f4a",15
"edd00de72276fcb0e0a49c5ad8917da1",12
"51b885127f1e2581d4ca1110357faff4",54
"bf9305f149f26fa39b10e3a40b5cd2f5",14
"ec6ab5e31073b79d4c8bc44a52ddbcaf",564
"b9ce5e80d8046703d204eddcf74b10eb",120
"28c9c933ef4fab3f4a31cd36416e8076",60
"b0430d0b87b941c3b89ee62ad60639f0",28
"dc1230d383690191d41250d8ee8e1cdd",39
"0cd986d3fa41118a4d3ae6468ea21980",20
"987869ff61a2f9aa291a016392a0b72d",54
"6a7fe5ad2a7e6dd55511d1975a3e8442",12
"78cd0b54dda6bf6039b5864f00d3fbb2",11
"6571967f27f2fa6b370aa7e4ba7502d7",32
"d554f717d25d5f90590ec252d3c67d0d",7
"a4d265fad24646b34192dbf5f0099a3c",4
"0223386ab6c95e53a849190084a9ce07",13
"5c9e23d0d375b63d529a60816b562060",18
"0457643b758d54cc369eb3f1f4196454",23
"19bf0c1b9f4d2805e5df22736695b103",6
"ae88f77525a7096df7c0d9c6ede9f846",47
"3089f48e1ce605e75159d203ba586e72",28
"3884ee60414cdb3bc1cb1108a89aa2db",67
"1fb6b59bbc51e248387ead47845d30c1",4
"35e8f92891757e2c3fc0b41d6fa22be5",163
"01f350e17e315b1ac2afa1aebdba057a",11
"85de5d2c9f73cd0bd0a6a8706ca70334",88
"96f91f41f69717ac2c50b1a735b4b3b1",17
"e24b8fd23804052c8a536f242997d7dd",6
"b8be9d1a4bc708be1c97362f81d8171e",39
"1e34ef150f09a5242ef2358a18afb2f2",43
"0fb6d31ecb2973197c1d70775bf34b60",12
"20b3e79e59155391bf08c209ef59eda1",39
"f6ef60c91b599d120920ede216b6af8e",37
"8420c0e8de396fae5991d62413d660cd",47
"eaa9bfab7e15d1143b2fb4d14ade7818",14
"8abdf967e5b46a4af2dc34923219a392",125
"ab25ff6734e210756e137cbef0968524",41
"02b8b7ef758b752d440b4e953ef9221a",55
"98d5b886309f464581f82d77ffeda963",108
"1807afa6e0757b424e973a0247d9a488",47
"729294fe01d434e2eff0b0528bd4d26a",109
"ab0184f9b865f34e92ea87ed83be9079",53
"cf05bc959008043eea4411defd373d30",21
"a4e355e84668a2459d48358327d39821",21
"7c9f454292d4c13da1c45f58c47098d0",11
"29ac28da8f7c080fde417d439951f4cc",55
"ca3a23e08569cf875944dac81527e3c4",18
"683aa05cd60809840c6b3df5742fdd12",39
"cde1538f3c95361b92a53eccbdd3d096",20
"b6ec2fa36ab64934c29243db6cd35890",37
"67bcc33d697d9d4daa6ecc0c4eeb04bb",3
"d185fd325996f96d566a28b426095b7f",3
"61abb758f66037c80a31655f599ea3b1",2
"7827d172fdf2185978863eb87542dd41",64
"08c143c7de59377d67c490730f126a11",25
"03d849392a4ec43d766594617a5d3057",9
"c85b5d71b570efc1c03baa02fc020de2",14
"2056a34daaee15a247ad076abfaed29f",2
"e263fc52390d6fc167364efa0d19f7af",19
"ef8ffc5f9c1c567d408f80270c86bfba",62
"233c60ad39befe5c50790d7f8eb9dfdc",5
"367fd0532f406448a26bcca3b54e8e2b",10
"551f9d85c3a10c0ab23cc8adf1d10b49",60
"1aa45332969575442e0a457ef371669d",10
"82bc79758828a8822b97dd6e10974dc2",52
"e8f691bef631a6de1d9359f0e8e8a5ce",24
"45381ddfe450515c7c16aa0cae69e61d",55
"6bd8bdc08257c42a63097ae67d5590ff",45
"7d6eb1470d688657c05c8b75c79b8354",34
"7d9391d810f4b8691111f4570c859536",45
"16dcac37624562b57452f41153a7edc5",9
"01f98e4d2f74b1bc4c33ff242613046f",51
"dd051d22b8b7057cab8d855c3f085ffd",3
"52d98413878e307f8058fa610274a59d",45
"5812c49a644e9ea13015f38105b3c802",5
"6c0b16bfa630af19a5a6a272ddf4489f",5
"ef4eb449a47d19598c07bf928bf2fc0b",54
"e0854d6a0198af5f4e77f5410d890df1",25
"701309170865683c2c79c5ed4477c599",2
"142032e64868423483c59029cb18289f",96
"8019359498c1659ed74fb8b3c6780d3b",18
"00a2b08959f90771d266ff7333204a01",16
"e04a662bd554c127f719d78772f10e69",3
"a84bfd71d9f39e2269f66524d370971e",11
"ef041bd13c36b7a7497009f2adc0fa0f",32
"073ad7f9b3aacbca961a01ba3f7c14e3",9
"2e22c8c2e1de41c68b5096d68dde74d2",6
"74b1d094d889ead25fd675c89ae13c37",3
"bc08b893bd91331338473db102d2e159",6
"c96415aa6c6f682214701ca9a7c1b8e8",5
"ee91a4e8626820f6ec113d4a641f807e",29
"69304d479a6cbf8e4d348d51bbdffe7a",85
"e2674e0200a8373a5ae8f9cbd9748cbf",29
"55da3fced01c9795f8a631cf26d1b1c3",25
"80d14e7271265765ba657c10a59c4692",42
"6deb5244764a0298539efa22efa6dfb7",8
"7f2de09fbccfa27fa690c34c3212d188",9
"3935f4d8bcbf14a894a1d07402911f72",6
"e7acc25a0bdd84838a4fa85e9273fd6e",17
"3a84e9ce94ff8a841d03eea518b0c9df",89
"7df1636ffc0af2176096569841b37555",132
"78618372301d54643a16afcc2ff4a2c1",12
"51aee664c21bd301061e44d482f6716c",13
"602b5cb51403b5ae84b1189cd1f26eff",67
"d5ba1ce7a93877eaa4a1b1142b93a9d6",19
"dccf77434fb84d0d8b664fa24c9660fe",33
"01d8792e158d6d3ce972bc3c0f202056",4
"becbed98624e6f321464793f487fbec1",57
"9670a856d9b4bd20157f63e05082f1dd",19
"8df2aad51e8b1d6e31bc309755af555c",30
"ced7743442c91a73d69bf08cd40eecef",2
"e2700aefa86b128937c05f4f4dd45b71",57
"be2bb4e2de3bc99b393433191bbf412f",6
"e8b66f56a5ac4ae7abef77bbb854c1f1",8
"cfb4330db20c1d816087f8aa677c4c56",25
"cd34fbdfcbabbb1b2b335fb2f0159983",8
"e46200cbc5748c2b9cc38f3ac2eac526",17
"2141c7953f25a1c4be8b0a47a28a157f",53
"806da84a4d3359c4137830fbb8a2cf63",37
"28caf857680612f98aecbbdca159745b",79
"4428b7fe4dd8f86843a326c7b094614e",4
"01742d1ca2bf7e8ba9b0ad30570494b3",20
"eff665b4ccd092ff14326c3560b4e93a",5
"62544aedcd5a748c3095c4fc34a07c85",101
"9b1c48faf281f7ebf036f48a2d173f58",22
"49fb5f8808ed99e1204972c056b75d9f",14
"6cfe34f539fa9a56aceacad688fe95af",4
"99e70be5acc2b8e6944c42c27d5fb608",19
"3c5e6b2fb27cf2e8af3d8fbc1d0f47d1",17
"7483b49fd3c2e40e8f02f09a4ac8c83d",66
"9add5efcd8048b2745559fca31ce6491",12
"3b46240e327b3f99920db760382b3acd",44
"7b6b9c7c5dd9e0f486bdb0186d713e2b",6
"f720bde4ea405deeb83b14715955fe69",35
"f65eed48f8c2b9f0427e466988fa2c4a",8
"046ff200ea5de6e6e6dd9adbd6f4fddc",85
"9ff624cd48bbff305aa39a91d70b3040",139
"68c8b4958b569a2e1170cbf49a0816eb",4
"999f2540d0717b1b87db11da3586f3c3",29
"3175fdeba3362ef86a15397290de72f4",34
"22f459031a168e8c24c4b7ad4e2a1eae",5
"5f0f5009e5554821aaac7d957228a3ff",39
"d3a391bc9173354d9915e18babebc641",10
"867ed10d71e6ce90c0bfc24c4ec393b9",38
"e092b99638dd875368344184690b9a64",45
"dcefae85bad62bae066ce2f681df81c7",8
"5d090d7d4bab072d1484ce1eec8d43b8",8
"c0af2ad0349b228d7383cb91844861f3",4
"c6293ece0d0c619e4c8eab801c1d879e",26
"a5b37d07ce6702a7306eaeca7825853e",7
"b8fc5ff41bd9d79323ac125ed834f031",3
"634edbcedf0621d5859fdacb5e621efa",3
"82216335ccb68e50ed95a21b705f65d4",3
"78d1d71a5e24d3f32dc5e178fc3ad8fa",12
"d001040196eb6f47dfc915922a75b84f",15
"3c098015edc52a48e6db8eaeac461262",14
"dcbee6cb707a672e3e095dd94b9acbf6",16
"c57aa403cc9d2cbb2f5a14a86afd6eb2",55
"eba1a161b05e7d791e4905ce2f24d3d9",8
"d3f8561dfa90a15d4ac6a04e8912707e",11
"ec2c7af590612040cedd3a8551fa49e0",16
"2c44e80bf3ce531afd53a37e3d9a6949",29
"8f8966bbbae4d4af78bb2886ab0a8960",8
"964292f1b8e0d712da417c1fc16f5355",24
"a08ee4a8aa1ece798d78fae2b9ad0401",75
"b17925d70e6b694ef2ef674d509ba9d0",34
"7b01826da7efd33ec94eea06620a2230",36
"acdc7a7dc1b8cbc1fd6c15fced8e5e8f",6
"aa2fb8404a4c5ececa84537abc597a80",14
"8802222b2b85b0b11211142487f59e36",16
"aef9ba0908439d0896ca8cfc4db4dbcf",3
"a59586c054bb1b3d871fd69725e0ad11",70
"2ee875df2e5b2a3ec11099ba4d7704e9",105
"a9428e1eee4d5b16021913eb216ea70c",8
"d7d7a2f865226c50230fd9fe3b2eb47f",12
"c31a8652dd26b703c53b5e11ccaadc27",14
"3ab93a8cca754029d5356c4e88703e77",8
"63f2215d91283e3b2fea68d22e6af38a",44
"4f51b549a52c21b88a114478753266eb",136
"f43115477e162dc43dc1aae90a880335",11
"2a9533ce2d71ccc26fe67b90521eb73b",10
"efc1ec8699684540a201486044452b92",10
"9ff8d16cf50a8f0fd4539f0b3f55274c",8
"cc94574ddf18bc7a3b8a6f85da2d1d45",11
"db0e4473672a468dd8ee9ca6aed1b83e",68
"276c3e42e8a9b764254bec23c4f5be88",9
"eedabb1e3c0eb1752514ea93dd6b473c",85
"c678a9d231f5168b51b105f6d82d72cc",3
"a7fd9ec6688be3f2d20aa1844c8094f9",5
"4e88a7e28dafe1f6fb2bd65395c8956f",31
"b3b685ba2cd758716e13e30675ffaadd",7
"0f3d125cd6b62216f6dcfda601e3262b",23
"85b30e8129e162e37f17dcf6f835caf1",8
"88731d1381f6acf7250fcfb96d13e569",12
"cfe7d99d4784e84d5761f2b5ad0683ac",8
"f9e14474530fe7b69a092dbb8fc476bb",69
"43e106a3fb556608b0cfedf9c3d9a1e7",8
"b89ff4e95d97b0852ec62935900b2a81",6
"dff98ecabf52b3b8f4bb8211d920c68a",22
"57d87a3c131a6fa86a558376d2fde1ba",58
"5824e2d3a75e0c8287b73b5d3eb81f71",15
"2db574633063888bdfb730d66c1b60de",5
"3a6b4a1f48fe95129dc39f04426cbc8a",25
"f46d6de30d5a77962de1bb09eb7176e1",65
"a9e026e9683ec022ddb158feba471b88",12
"4fcfbf9e4c52e5e6be41b7486337763c",13
"e08b6207943cc833c6970e5bc6b23a2c",12
"7182626101643e1609b37d1702bc8da4",13
"fb96be2b6982012d341d46ba3e657b3b",38
"eb4e08bb8d3a372a15c355a625cdf62d",15
"2d0a601a7423a4b383d7d98833729f03",9
"65bb996ac26769a9d7c2a048cc2d3b51",5
"77939299defc755a9a4610a66d4e8677",12
"21aa689ac8c57ac7124f1338d2d39e43",5
"4904075a80cb0b62f68089e6c4906ee1",86
"76eeda61fafd0c4657f57f56ab18e27a",4
"d6ab842221f4b25655860c17a70d7a8f",32
"fc2a9d635db4198d0173d9d112e3d279",70
"78a5afd7660c222d0ec249d736ac996a",246
"d985d535524c0b7e81cedff933136408",42
"e866312efcd7292402b78ee9bfdf4b38",63
"126f30f1b08bd92ad24e1a6ccd437a2f",5
"066cad1bf7bb7eaa969d89156f10fe8c",39
"7c0ccf95cb11797f7555ff9302a0fa47",34
"672184a8d4da17923c8c78d6f389d1d3",62
"5c43e6ebd8c35b0b962feaf83bc30b13",11
"9f2bf0c67b45279cca0f2ebad198aae7",21
"4779015380aff50982d3ab653b9bcd6f",15
"5d4cda3de7e31f1970fb6fb06332dc99",7
"2b1a00d3c592b7b19eb28583d6d564df",37
"bf1925bffb1ac9587bf16fe55e391016",5
"39626c0b9128a220d72c9d0bffc0c3c3",22
"e4d0937b69713698efbb066f6eb82bce",14
"4d031c5c98ccbbcb994415197a9e941f",94
"78d8954974e7db09dbf659fa877e6912",14
"04efd199d8edc78a9e814095531d8f93",7
"6d30c9f83f6fa40c3d9f98cc082ebe16",17
"13dad7098c8e7726a28aa389596ab243",12
"faaab4b674898e6f22c43f56097b29f6",9
"a52b70840aeca8aa956ca956ca3a1026",5
"d9ba1e629cff1ab31051278af6904030",6
"69a4d3819233aedbc0d2ac6283c73e9e",6
"f1be300df01babcf1897e6103507179f",4
"12749c42aa378daa90b03a4f62ddc9f7",17
"9d92b9e9dcba375ef9f03a10be377049",15
"ac29f9cb01bf0f3e3c238ffd086a1d1f",3
"31125829f97ae7ab5d9788b8fca44184",2
"6ab1ccf61d4b92ae76c893aa29efd5bd",8
"8a4bdc6e563ac9c9e0a3eb6ae30d8f6f",54
"fdffde63f67598c923832e941246da56",5
"53e612b9f4dc79058c0c784447b5caac",7
"b3366988c3e2a7a016133d6939128d1a",45
"c9a54aebf5dfcbd9adca048d100b3c16",3
"c093b140b6c38a6bdb3ddd4b5e773a3e",22
"7d2430d3f4f5f6136226472739ff0b5f",10
"742c73c9e078430f2db17c5d24e8672d",4
"5e8b0fc196072304adee64cfe4db3732",16
"b5a75ee30645cb947ad835d87d6cfa11",28
"3c5c6d18d63410f07a6c089c72e1a433",6
"daeebc734d90cb309044a8bf2018f7a5",41
"cf40d5fc5ad2598ae17d795dbc2805f3",23
"918294abe5423a1c28e0ca58f0034623",9
"5485afb8b4abc58b730eb9108fcef230",59
"62a8e1b3e5bc78c9552474f65dc12285",79
"8665d5e02a43c1bd36c4938aec04b4ca",7
"3a72502b1bd13796dae57ff709b6ec4c",6
"f32fae0b3278863f26756b2016fda800",8
"57cd2cc9970794d6134ce09000756fe9",14
"ad1db733b770db0e343022589d3cbdcc",16
"5c38e760f9f3be7306ed0cdd355c5df0",39
"826a98c5105e48d751050f3ae40e9203",271
"0a61da64c203ffd2839135906c290433",5
"1d65d7877e2e036f958d7a6eb3fd2dea",4
"95ea7a9c4ead4b084303ca86387f1ecd",6
"23e65206cda42c0ab2ecd1eaeb64d309",6
"51926181c9a87fd63ff4526b4f700b11",56
"7667f9d40c2636561f13df63259b2016",8
"18158c027f4f2787001caa45f667b8fd",29
"160a6745b55488858449e76b449d3236",58
"9351283cdacfb12dae694e752208b272",53
"17083549170c2c031996ab837b8de110",92
"c31e63922db4f0ea494cea3a58c2bc9e",70
"55f49e696a89e8ef87a897ea3f234a43",20
"7dd1463ffad8021801d81810f5bada33",99
"5d0a669f5479849962e7fe919d908a46",485
"e46c09cbc482955f87e4787d249127a9",96
"0b36c352632cb1346cdc7d73f9fb376c",810
"9d59fb79856df2e19b817d8140cb9fce",60
"ca3032bd482ce3fa80e9ff81e496b027",3
"f8aeec3c1ff0f4e7e1c829e4db0618d9",297
"48b87ca685d38a7c94de6930d4753b34",19
"cc57dae9fd69418e7d5ecf48614af85c",13
"731cf14778d17eaaff5170100ecf6846",24
"a94fe72ac17c6ff195f12c1f07168aca",16
"9af3467db68cf6063627304cecd46a65",7
"cf05e85d738b9927b8efd40beca6483b",72
"50a15dbee2c366ab97ed8e1d861e7b43",56
"7cfaf2ea0ceb46d794bb029cb8921608",47
"1eaaa5c9cb03330ff1aaee238125b3df",38
"477492fad1668aaebf7e35880898fd9c",38
"7af7b5b04f0fc5f670352832fc0a11b8",107
"0c383c8d945ecd8ea57335a5bc5df61a",25
"9abad05276ca712d35c17c1cdcff3a90",12
"821a71f5c6f7c268b75f6768d7322a78",140
"4d9a099584221d5e420b10760614d014",61
"0ddcd311e02f742e2e0e61ce02cf9c29",1200
"90bdf7b245b4d2b4337c8611d67aa674",118
"0888e470b0bd3775f768829e83aaa212",21
"e62be20e67388a7378f1708ed7b3a240",114
"4e39d6ac50b3ff5dfcfef41399334c63",59
"2c421dc5a407be904954abffaa37e0fb",73
"3d8cc882ca03b99d2b96a500781b8d2f",57
"7b19189bf95c4c50b82cf5a2865c03ac",42
"38c27ceaed634984c1225a82648cf571",1000
"9fa064578162ff8d2f4fb2d27893f2b3",51
"e898620b82d3ae5814a1888c8888639a",174
"e9db9ce00ea360d4fb526ebdbf8842a8",14
"632a2219f545256e17a139d715d7d2ee",50
"8671dd44a131067a5aa2813253c91026",34
"9134033290de6a1ba3ca338f4c23190e",64
"2f7db29d89aa3dce7453fcc7348598e9",631053
"f97ca0025fb94521e2bacf8fbfa3abcc",18
"172fd4ef007387066f77845901af4e5b",79
"849b86d148494557004d1d2e065f0243",37
"7c821f01be041b9537847b8d15eb91db",4
"d1fbd7d8a5dd8d2afb37cf150e758c6f",74
"7714a08e51863c55a79e9436b55146fc",97
"b416565e9bb00a6504a1600ca789b32d",13
"6916d4dd408cbe5d72a5e64e6e8a514c",56
"43fddf1528d4a98928fd8c3a8ac23bfd",47
"77a1e8bc25be2a0afd352762ed9497ce",9
"d7cba78d0860421b518b7582ed2038ca",14
"86d6db0b6e15510fa5d27ceae8fd5e0d",183
"9d30df1c09b60bb791f16b9f769c6335",45
"3715c499a090f7e83e8df906949f5290",52
"0f18144d308ada95632ab5193d92073f",337
"9cca219ac7e1d9722ab63545dc219ecd",135
"93e936ca1b7c719c51ca1c31d0c6c1af",28
"d85dc345b2b48b6b1326f6161d6a45f1",30
"f10b4cb1f48bc9ff7774ae7876900ddc",15
"116cdb5a4a431cf5aa2b1949dcf57159",27
"c98baf25ee94037b67e21383f583f447",4
"ad21dd2c40e7188da65c0997b32f12f8",115
"b420af789a91d9221803a5838ce5ba51",29
"80f1243dd0cf754f23ac1272aa2d43ee",34
"0cdfdc68bc45705e0ca045771a345ab3",52
"2721027651d7db8f3bd117678e83b22f",8
"55d567a1002e7d985f5dc17a57c9db38",36
"1883a3505ce3feb439f4ee90e7b53102",47
"52426d51f68ed8157d61495e5c26228d",94
"472466279b75a9efd1ce4fbc71e9f0bd",510635
"bf06929ef1dcfc83ce385c950ed4d068",153
"e049a3e0ba9007e04658f046c06b920a",16
"1f3dd79bc4333c1c567db7ae3c6e4087",68
"c5aa953da185355c7a9f1fd07f54613f",81
"b4a24c9005a410d4d8eb031c4a103739",63
"50165296e6826295ad3db6e0bcedb7c1",11
"9507a85e89ca244aedbb61f21929db5a",54
"edaceddc62e8f0658e35cb232c23166e",11
"1be8ea86d857e3031b7dcb6253408cb1",40
"5f841a52292aba1c09548931175dbb13",44
"430bd78aa640e5207accd5eca226e970",50
"ce8ad3e4c7f2e354566ef13cc3258955",62
"7f66578c3c4cc88677516dd9da0c5bc0",107
"58e371e3e8a9a1893d39bf3cc7029ea6",11
"b488cff769aa5e7ab192f4118d2bca9c",46
"d87fa5e1d1c62b070b9f69b84638fa18",16
"b8f63a35d37bc3de719d286348709953",484
"292c85f14aff2a12b32507ccc3bd87ca",33
"abe90319b87c5b72f19f794f94929670",270
"c9bf24fa683dedf52e041538c56acb5f",61
"3ef3bf00702397006fafc0fab1ba9d93",26
"d200663a844ee3fc31714b710eea516d",59
"8b5884acc8c736df09c4260b50dc9297",4165
"920324c61856be5cef7d20f2bd76f658",36
"bca6ce7237c54afec6797d346bc94724",42
"2daa1e3c6371ba3e7d977a4e2d9bec1e",132
"59b4643f0163ed301907841a3c0e05cd",32
"45419447b408bc6d2a9332757443ed38",35
"1965dcb8720779a2484ba0573efc4af0",73
"bc03f5b088727986a2eee0e767833e56",93
"74d3f2f970255914ade387a0a21a2107",140
"7dae9ac17bbf481df52646bf139de433",56
"fdee1b26073e211295a52f694af38bbd",95556
"ab099b29adf10d4e7a380cd9e5293db4",10
"f7c41fdb63b6e1bedff516c49d613459",29
"b7bf39daebddc1b196a983fb9d03e162",5
"cd1846387a8e8b3c60e4ed151e237005",62
"bb06edfe6d6c6b32321f0fcd2eeb9de7",92
"025a13b2855ac82ea3a12896c5922347",93
"1bc599cac5647c5c30496e93ca551557",19
"681c1740d5917dc84caacdd55ece7ca2",160010
"69b6b6b11e3fe3d975394afec47d8c81",9
"43fdb4f0896b06418744dc0da32b2f5a",10
"e916f528617b05131bd26ea3de68ec48",83
"3f2fc4f2e95e545f8701a113dfdea7e5",26
"e43a313287f09579314d6bd17999e6fd",89
"cce6878bd04e7e8c08ba26aea4c36ea9",68
"580c5991375d42f6857ccb3789a94f4f",127
"a47f1d9b166707448add5c1c113eb511",5447
"35570a508b77bc034851413f7038b1cb",6
"d243cd55b6e9ea9a56c51a211b197ece",29
"8d1465aa6e664f93d0a4970f6226bfb5",6
"26acedc3bc75bfe398aa24899eab81d2",43
"1fd6bc25da83cd0fb75d720b1011c0ba",3
"ea136a7b581ca452588009424c1ab52f",14
"63403aa0515deb0039fbfb793b870272",445
"1d20acdea54de309ce51598788189384",17
"3dbf66ee7707a9c91038139380697b07",96
"c55da16f7bb7e9f858929286c9a8bffd",64
"58a9a501230a08491f94325868b26299",12
"d06f557fe07d064c2060384146d673d6",8
"0e8670f53ed9369bf91fbd2282fe2f92",4
"5b2856495eb933c6b8b886466deb8189",9
"e3ff764bda6046d5c709e54d1c8129aa",41
"4aa828e50cda1fa842257b64bd280df5",3
"a4cdecd8b291af5a2cf36182701cb66f",73
"d4dd1dbc17528988fc120362f6f116ea",12
"80f623e46b589c9b857133395e4d8f1f",83
"97e1b29dbf3e2cadaa3d6a334de7189c",3
"549eefe0a0f2cce370ee8de57d6f0ae7",12
"660cf9a7d0b62676b96ef9146d76ea0c",4
"092dabd0eb5224fc1723bd45213d4c32",15
"56e862042f460f2a92b50012ed06396b",27
"7abd0f06acdf2fae2221cccc5b1c121d",15
"d8f95235d3fa54513e8664b9f34a0fa2",12
"7ada9e0268a1f22ffd4b514989a91672",26
"b685d3ceaa52fc2582703e742c13b994",6
"00affce36db20592347460422d01ef99",29
"0677cba70564e833f2d2c2e5288c8123",7
"00d5879577b3d88dc5e3e322ad38e810",26
"ede15fb563222a59b54464ff3857badb",22
"2b3241e445043d858344b89771fad5ae",17
"a67eb956eec429ffe2af2f82fb00dede",46
"761b0ccf6084272ee12faf19903235ed",4
"434d3dcffeb539aef3b7da4432bb7352",6
"377ab0ace4b9be30cbefe96d0e4192fe",24
"8107866e408f8ce3f5352128d4233c60",4
"e5a55dcb55dfab205189d4f031d47604",5
"187ddb70f4dc869459c861aab6d87ffe",41
"abcb816cea467ed614ac55547380129a",56
"df6fe8d0594b4a2cc478311d5377e8fe",11
"9cb7fd04a7069ec2c04c2930c87e4cff",12
"d04ab320e766dcb3fc2e0531c06f7642",129
"bbb267e4ca3cf9aacda0ef0b95aab008",53
"4e1fea807bef4e5eb5454af67185f549",3
"9bea607c4939158b50de6758a5a7d623",30
"e5612944b6851ff4485a76cd43896168",3
"1742bce83ced960a2bba697a670c8f8d",13
"6455a3f1a011df7d85de599b569f29d7",2
"a2f4cee3f6f6c9aa6e1b1fdd36d7b1dd",14
"ea8a562463aac2a40dacd5a59b417c37",14
"bd74504756b6232e7f3132fcb610285f",5
"3a1e3d62e9cc5aba622f10d28c4d3586",6
"6d83bd652407d776df5d7a508798816b",24
"a267c89c35ef1e11d825afdebe11966f",5
"85fb575995d9129e1e92ad81bad2e115",59
"599eea91192a7a7cc53694ca7799a258",22
"0b1d400b68457d3c3bed48582f77e3c3",38
"cdfb2c9e02e4f387c02256cafdcbeeec",20
"bc050a469aea47fc89f3c9871c0dae83",2
"9a273ca32aae2ef4d868c2e008dfe83b",31
"ade0f8a47688c3103a4b5b27a8682676",14
"d2c20df0cf9634308e578837a3cbac51",27
"20090f7dd0d441228cb490f8d85c1b3e",56
"20403609829bfb892cf3245e867e6060",111
"a974163221c5ed0c6dea5bfdc1b8554e",11
"b39ca04be7297be1dc4d7b25dfc89c7e",6
"d115351708a14260407cec28abafe1f1",21
"3d6d2579ec1e68631d25387375f7b057",6
"26b49807524ea843053eb0ed326b69eb",306
"b04520a3fc7ac399ec4ead140d3641e2",13
"bd6b2945ddc23f268288aa14146dd722",11
"d1bf7f3cf313becb0206f7a635f4b3a8",23
"57e77e6db4dac426aa73e428c9c80267",10
"46e7984f6941f24cc427dc209407ac9e",4
"bb57d94020499f54ded5db76adfb48c3",9
"6c2bebbf80e656385ae1761cfb1494f9",8
"d86dd976aedde4a96e2a24a0e7e6b8c0",41
"dcc9710613786dfd8cd2910654b13818",12
"35b24864c3bcf4d1b08ef697247d93b9",136
"7e51ed154c1c02193cc308c6b2835a73",46
"3438be68f8e2af49ec6c12f7937b2efe",25
"5fb1a92ab39fb1cf454cf726f97ad18d",49
"24a1d735819aed96954ea14e31f71cb5",10
"a138630eed8e64ebb530bc2edf87ff6e",4
"80ed3bb21265f367163767a871844adb",34
"ab1da19c61df133f54aaa2660f2cd05b",85
"9cdd4c51d266c952301b120b05ade3c9",6
"30ad487e1e86be71afce4e03fd7553b5",84
"95e40ccc424c7c7e3b64a70bed6b64d7",91
"d08e5bf69ccd85a5ab61808a40de7865",9
"85d111fcf7dc17b8c295b7b63ba6c106",6
"3555bd182415d0f658d99241eef0b2ac",17
"03f72495ebc1659a38327358968301fe",17
"27f88715f8c0a6c989103fce66c2b1f8",14
"064a900cc2e09580bf55a8292cf8e70b",9
"0d970fee576610b7541fadd79dab9d84",5
"fed3161e455cb408a8a649d6b165b6a8",14
"00e479fba6140143aa267fb3a7a4a8bf",36
"5c7b46a5994a897d4bc0fef0e092c0ed",58
"d41512955e016fa55a2bc756541df273",24
"8f33c062a8de9c13614cc758b7ad0262",27
"5d91c1241ea86e0f352d91d103a7358c",4
"0bd6fb0d66352024ba7bc494f55c7eda",19
"488be0a9f0db11ad76603d2e7a0afbcc",10
"15c6ca7b50fcfe6f2d759bc8b1d9f225",32
"272c5f27948529c3d45fe6b95d7e52b6",103
"0111298cd7a9cbeef82c4fec90f35e37",11
"d04e3779adc91f6837a7a8d3ed4b35b7",24
"abd378b6d04bd408125b878ed14b36f8",3
"261a908c1ba08cbd088376ba4679c091",69
"2e4a400677cd63700466dbf61f186517",18
"e58cc47d063cecc9025c5f3d634220c3",36
"8ea5c3fcd3e717521266134483a71fcf",37
"d7136d6e495360307f177bd7772d9fdd",99
"584ed24e4043a198e83fdce815b04ed4",26
"6a9493115c80c191a49ed083ee6acc17",3
"9ba48b412e185db39cf1dd0d42331bc8",27
"8403e65612583aa309b4ccb78412e6db",16
"b6c04f60bec61b388655f069a771920f",82
"11839f3a5cda3fbc17c93ccfc1d5ffc1",90
"4778dfc4c5d9aeceeab51859855b8344",5804
"ca254899deccbaee905c055f828b088b",84
"f9ad594af609eb7d3c720d08617d488e",75
"fd198f6421637972e2dabe303282eedf",59
"d5d361c1bd86d914be97f01fb4573510",86
"f9fb8e47c6d3af04c41880ea0378f609",9
"c4763d5f018358e4bd99e417a31f05d4",68
"d1a8ca0616d9f3f0f5e6256e4ece5a4a",15
"ef42b1a002599b47e87b3abdd2925251",72
"3f7590519589dd9dd2c9f7e1f0371f6f",1423
"34a52bfe65920485b221e17942ead0fe",31
"ba05ffccc64700880ea20352d903a94d",75
"46d9e5c1cd59c92ed175d7686d62a744",50
"75adc14b886ba4308f3245229589c36a",70
"9dbb833e71d9cef6c8e60a300d00857c",25
"107273e73071282e4d0f4a0b46548da5",74384
"ddd8b72642e691860c6fbbcc9b6ee6a4",8
"9f8d2789e7b9b06af8867a43ff1571cf",100
"2950d37a14d9974bd1d23778d18869af",49
"ddc34d50f7cc1c3cac4669e19bc16a75",58
"26b8027f7bdf9a837a451dcb8038c417",70
"fb409742ecde4cf2e5cb2ab7eb67ed07",51
"d4b9bc4a3276bea9850e63b6fd9174f1",63
"b92673ddde71097352946995bfd563bc",45
"c941a70f0ab3de9d47da0483a4e7deaf",99
"f908a38600f83fdc81be5d4d19e1c44e",69
"4d50d4cc28e72000f23705e24ac1aa98",51
"08ab89a09e3224adf692c87cacb1c673",5
"94e5ddcd93c72ed07e6b7b256143b988",32
"b4bb370a59f2637d406ccc0f5a1b2a1e",120
"0200bb0b443e80a4762516e2a56f6ff3",17
"bb7e5c6df18c100b97f890fc35eb2911",17
"3710142600a2813c09f34e1b519e6ef2",81
"708cf3dae2a41b999cc5ca43d1ea3bd4",12
"981f10f14e209c2694d23601259941d5",58
"e9b93df9afc809f02aadacdcb405fdf2",59
"2ba500327e3285ca29f2c226f5eab78c",19
"e419bb2029ff2254e61bd7b59129dba9",5
"0f801c3ddbf0e8733916ac22a987c027",43
"d6003095600790cc3766bdc60329fba9",30
"d1f3089705913f9a15bb68af966f80d1",56
"97cee4c9c168bb8c3db2726e5abbfeec",66
"cf34d24bd4678c2a06a1fa019b594a7d",55
"89654cb886b188eac61a1ee70b8455cb",11
"c986718c016916d794e6f0030f6d10cf",31
"90d281aaf588bad4be3327bfc03d6249",122
"8fc4a94a36af8d22bf6b03baa7d9c027",53
"c114e479c9550a33cb54dece36f206f0",144
"3b25a46250e3d86ab99fddf5ea59f358",78133
"d0d62ced1d1c4f7014a78dfe520070b7",30
"303d0cd5fe1c575ec673f129d9bb86b6",27
"172449e0af21d154f9a92417eac2effa",10
"ea0746be166b8dbf4b393e4af4824d73",48
"17960434d3099a79d3f5bd3b8a5e8a7a",87
"9adc6e36d30de1513b77ea8dde817070",38
"3b057d014013ad7f47672e088a155708",60
"2e3f2b993bef9813f6dcf54a71272c1a",12
"e57c5df6a9b3b982472e7754ed31f313",104
"b47c2bc7f2d2d8288422e804aa936296",33
"4608fae4bbc9964cdd17af8782f2155e",128
"5f8db894a571d35c9d2fa4f8df8581f9",29
"ca6c2b3b469c08212142e8821c65882a",7218
"d25d6ef7b3442ed6f0cf01cced2d1db0",11
"aff57cd1ed0222b23a6b4e796096d2ed",47
"1fcadec4ba21982577893a017d057b7d",9
"7f2e2d0898d07729bd4432af5c06a60b",6
"2b9f3a8f685d68714acd248e5e683700",11
"a3698dd31056577cf15d4f22a944da30",11
"df11d3a8187f5abc8117a24218f13a6d",21
"f7bb079b8a250a5fab77ca5a4b12df31",16
"d23fa8371397a76aecd02e9ebdb08509",13
"9eb81ec09edfcc96938fcd21deaf044b",54
"fab75c9483d79f4711311eb7a4840ea5",17
"182b329605548d2e9a3fa1c3c218070d",32
"b2bb30b74779c4f4e86aed4a22ae2fe2",83
"1408d9e3cd0dcc70538c7dfaa3e1d555",23
"bb125570104a3c942e6e091910ff6c9b",42
"2d8d175fcc6a7cc0e9e4ba8472895a1f",25
"334335f71b354cead67ff89c51be37a5",114
"b8a3abfd67f554ef750b321de2b36e0a",59
"c998ff8653e150e0ae61552d7186cdca",48
"b89f8c2c913cc426ea9050685cfe720a",41
"08970a122418239a4417cd96af279ba2",46
"e5fa9c0d61e4e878793a0f0521e262b5",56
"c6c438b932b6fea3eeb0c475833d4a89",84
"ce20b85df457add506a9a0d8d091b5b7",17
"7c0fb51abaccc61c84465a6117ad9786",72
"cf381b7b7ad3c8de3c5909dab3f68543",177
"1e2202a6c77d42d3fecc4ad02b4cf549",11
"199bec68e625f7fb22d18afb136c3e88",37
"d3a8cb4c4a17ec70ba96040845bcecb4",15
"55e94b7686f32e26d480feea3f56bd5c",26
"dd6a30248298d16cd48563e9bf475f62",61
"7c8d0478474ce3beac5ed31ecf80d04d",10
"1517ea5baaed8dfea194211b2094ba87",17
"8f737567a197057c3451c9372329bb72",7
"4f6f12c1983a7c7a339ba8b21c544a84",10
"d0be592183fc79ba2594a4b4ad89ebef",53
"dd78b6b4c49b1a8c83214298dd4f9716",9
"2fc7600a3426692469395586eed0d361",7
"92aac5603487078247a97eb21ab41775",19
"8cf8addfc676780ab28e36913330b6fc",37
"5361bfed0ac07b4b1ef1c6094df80279",14
"8e50d84fc526565c1963a5b490607d20",28
"9288fb0a903dd34a2ddd20ed2ffc050f",7
"5c070b95f24c8f037adb3f479029adbc",37
"53451e41199e2132662d49b6eab8acc2",6
"835bdba793a88d2a3f653b7bb287717b",2
"b5e2c5c82572eb77e1c49999ad3891e9",30
"acfd83e9e7fd2819142f06020909e2ba",40
"935e48351c7f4c83d3cf9f195d73ead0",4
"5b282619827d0edc7115134e4dc8dbf5",31
"ed796c2d7980f60f0d56d04fb6083cc3",81
"533ae02ca10f2f60b28f0e520e89691f",406
"40be1627fa9369d87c8536d0bab1f8fd",34
"6f03a16143bf2b73e15bc9ee8e42b129",10
"b9235f70302931e74d54b8b9e419624b",65
"f025f8cf7d1e6a436311b1d8cf25e4fe",32
"a0a54216b574c98da0ec71ec0082b14b",82
"d781f163ba261425dcf7540cc28cb808",20
"3e8a1dc1469c87ff84e9cdb54e9f00a2",116
"6c314eb0885435e8b30a17b21668dc16",21
"b2fef6f6c652435af8c384fc40cac254",29
"ecc423b8fefd03a92aa1a97fc74a654c",382345
"9f8b50232297a6df9e1b6010bb30eb6b",194
"c9082d064fb69fe039e560fbc02c7493",58
"26c1d539e2eb80304424f98673dc6819",40
"20b3df08cd5fac2be26a2928155bab69",157203
"f676c4c2a7291035b6b07574001b3ead",47
"ff1015e1ec913a80ddd870a7b218726d",17
"44b44642ca4b47229214efd74a0ff111",167
"2e2d0bc79f93699a9d2193465d41fe24",91
"10d54f926a6902ec22e02c2974e0468e",49
"1e104b993416995498346089f57fd3bf",169
"ab7c3716405488e56616a5190a827b27",15
"a433b9738d76b94aa5a9761e0669fd19",3
"df731cbc2ee4bf94a75b2ae7a016588e",14
"375a334db3f6fb09a8fb1868a88a8ece",13
"e416d0916760d2fc17b616e2ac3ad855",44
"0ea6bee08c087805c6ca5e638c12a71f",48
"731d9d7f7bce53a7dd5d190aabdedb5d",7
"d91997a17006e58ebdf59aa7fb8dc3db",384
"082ea321c97c8eee37d0abc0ecfb3bea",83
"fe3d89d3013a6f723037fa55d117a00a",407
"84874c49c79f941da72b00349ffa14bf",49
"bd6a1f44df36896dd0966accd733897d",72
"1a099012bd210b7088a5073007571e4b",23
"bc3428416de3c543c4efb8f23d8db24b",104
"bd268e45da590c19b21aa7d428935170",21
"4286e38adfd112acd1e55533eb9ecf4c",16
"804fa60a3097c404675ee5fce1f3de50",27
"bf80f60a956d974dad544d27a0a5e470",206
"864267f12bedace19272af56224498c7",3
"17044538939d9ebdd596e12dfc87757a",4
"395d72442cc18a8a62148cf97f8a9f9c",10
"01344f29aa14cf1d706092a4e7721018",15
"718221b2b3dcde0236d0b96790debf88",125
"6f21eb4cef06432f5a14f8e49f1a22d0",27
"e3a0a2d8316f0af7d48c8284931cc8e5",4976
"8048c6d48b7eb0a432dc4aa28e73ecce",62
"4f5efd25dacb5d639316e7291ff6ff8b",73
"f1860fe716257bd5fd5c4c6a16cf3b95",98
"79dd8858e8f7f68455b807ef496bbc24",50
"f26cb408f6cbd75ad399265b6766e85c",18
"57f03665bd46e56f70f3e26e7f0c178c",21
"96bc8db8cf2b1a27a41705a57b5439f4",4
"67da24b6e545d4f15e57533eb28685b5",12
"c56490ac012be8c6e7f5edf22831feeb",23
"b463c4c43075dbb8e33c8208058f9cdb",69
"5fc6440055f7ae3e3fd4c862af7c75ff",25
"f8b8173289056f3442317b4669562a60",9
"3b93be4f9104c3612d7383f73a5fe4d7",7
"7f8301efde41010dfe5b1c7f03c1b450",14
"4835e4ba864c1d7ac0a2945bd333957e",11
"9eaf950bc1f3a7f31dc688157c60a435",9
"deb60dd450f56ad275fefbf0473f043e",15
"61234863696b4352f648261ed65108f1",77
"9f33bc1dc3fe95d9e085919a8cb0714a",153
"0ef7b5d8bb4a7d8c7925d630eceaeb3c",44
"4736f95b1fe9d435bf94e2b913e6d82d",39
"8ba51c6635722fbf0f62efb171b52770",55
"b42ed77760290a63f54dc052c9ae1815",28
"0ce51d2de5507edbeef6b4dd114e9447",10
"e0a376e38762f1d0e3112afdf0658641",18
"cfc92840143cec6e6fcb22fd3c525db2",9
"15e22509a3ad6abd01bb3e4cb75bad8c",13
"6be7c6f8758aa2ed8cb481267512ae66",188
"61b67a87cf2e6215c6be646d1cd39440",84
"17b4e3237d2bfaa8e6bbbd6e2c5bc525",39
"f51314fe9f92206f375722ef1f4c20a4",11
"fcf32d128e5705c99118640f62c653eb",62
"f242daa5791f4c10710064c2d355d00f",22
"b0585ff4f527c3d0968407111784927d",43
"7088c9109cc9e3ea8b65cf9d19e14113",48
"ec4a47630e090776a599b9f15ef19088",54
"1fdb9dd434d791428494a0c6a077d5ff",93
"d34371f973b40d3823e0a1078e6f4839",151
"f74e9a6ca77fcd6965be0f3aa015bfd8",73
"c1ebe4a9fec604e90639a1b5e4d996f7",54
"da890f98f563de38e04fa60c15168549",149
"4ca9a082aae0a03dbf1c59f74ee04b96",5
"21931268197111164623e0f587cc65f3",28
"5e56f325dd01aaf5d00e610b84a3cb36",149
"d0ed93a3a519992cbdc934bc7b97052b",23
"4a2c9274fb344b21bcc536891b70f806",27
"2f4dc85a0a5e14798a6b246fcc174587",18
"ddcfc5c5b2961993e8a8289890b5798d",34
"1ae0ed3a66cd62965415d8ce03013a9f",35
"c73512aa55edbf1776d84523c63b08dd",23
"32a9229c96f5a37795750ec146b861ce",36
"c43ccb7ac8483de77f37e1d88188aba7",99
"e7377922b9e4520d6215a7b71d8dbab1",89
"b1a62e40c0a8019aa6f42ea6e8709c9d",25
"5a30063891d7a4af79f2ea88ea12b45f",46
"49eb9557814bbf64c07f9854c256bcd5",69
"4c250633ebd4f7ee697fceb68f239ab7",54
"2ad994a275a1667532b89ec5c1e544cf",27
"b6a2b5fdea026cfb94a85d509ffbdd0f",25
"8648f40ee703df0832b78c7a2fbc16b1",57
"3f760bdb4482daa5a2d06118c948df1d",34
"9c3f6e364f452bbb445084ecfbbe58fb",84
"00ab432afb5ed04cb129f0300edce38d",61
"3140c66315a75144290ec0943e5ad6ee",38
"3e1c858f9b1033a63f90a46faefcf230",601
"f74adb3223ca763a9a9078a83e55a2cc",44
"0f5f48d793a468de8ec2131049a25f1e",103
"ddfd49f939f92958b1ec816741055348",31
"e20fe16bdee3e67cf3113697a667b6d3",30
"5dfdc733a8aebf268901cc23884b4f31",31
"9cb7f389ab61208df67e2cf81100655d",7
"98f49c75988e4d0fd97a180db1678fc8",14
"089019c9745b56c35ffbaea26d6b1806",12
"6cb19b33f1e75024ae621a0fd24bf090",60
"2e00fe596c224246771ec2a3f59d91b7",8
"62b0bf21cce919c492e653ba630b9ea5",79
"026b68ad384fbb3f5bb0f6769b1b4fce",88
"bbf772e87bb1bd04ae18adfa03247a9f",7
"81bc354d69ee2b6be47ccd9077908d98",17
"fc1b83cf7e32f815fbcd9059bf024f3d",77
"0649da7b67156aed2b87a455e44c6a3c",4
"0fdc35769b2ba30b50ad58aece701229",54
"9f5bf0bf0fa780be0b7ab197316e91c4",46
"62f2d20ba87f3bfec27e7d51bdfad553",10
"4e5ff310075a50266f9d480989d68398",37
"e809623eb115102215dcc8fc7a275221",18
"50630d2806be420937a4d78782f27d92",6
"3fef28fd33523b69c45e96383b501084",18
"aba6fdf90cb540b24abf811da6a2140b",186
"41c6d5227b6303f554be804965ece70d",96
"ef3f571a3183f63cd64a565ea957cf4c",34
"69a11f927915e2a3ba1f7b9c84486527",13
"c845eda99662b5a88a8c8e979ec07dd0",15
"5b71c6a226d7ae9840f0a25b53ab6505",6
"28c02422610229416147ab7543b660e5",6
"9667f6579ad6495a087de98fe8890432",48
"9f10d970eebec4067a44e9352a8ad880",30
"12a8e063eb8178fe766f38023cf09092",3
"1c7f3ceed5f1b89e9f75304bd43de401",105
"04901a7e11183503d3bd0c59cce8f83d",21
"9f96ea822d2fd63a73bf8ec77600776b",34
"6a0980d7b7780f34f059e05e4e4befbd",20
"7af6ae689696e9ea838fbb88ee9afb78",10
"32334efab8f6864859c5e40e16c7a69b",9
"15906b2addc9e8c2aef111d6d075ffc6",28
"efd27e31a25f50aea8fec2dda7eedd84",23
"29d7430cf029b40832cfcacc11a570e9",36
"99ebc3fd7be0a94952e00751f9337419",65
"aa3ca6561483d596924e5e565fd7f0bf",6
"07eb166d091e1aebe641105881f4f2d3",11
"08bd45c0807b6fb44faaa54fb53e4213",14
"8678fa3a06998220d4612e2c31b51f03",67
"a290cdd5c45fc89ce97d9c2b73174640",42
"484709377da9f9cc87f5dfc13046bf49",15
"9a3f5db0b61b55b63e8ad26e8326863d",32
"7d217addfd80cb5393d81dae5f160367",31
"cffc1f4e4057fab2986d6d4d0479e37a",12
"a323260bafdb90d4e30fe08c1a0ced60",21
"6abc517aa40e9e7b9c652902fe04bb1a",42
"52f79b90b48e72bf5a9b57eb0bfc07ac",25
"655273c1c38e976754fa517fa9a40f4a",21
"8591bffc07a87a1cee4dd8f1b2ed0c22",6
"52807c5207fc907be7e603799ae520ce",18
"8860de1e2dd3e779b49db24436bb78b3",51
"de5dbb1594ba212d7573c75f9cacc81f",86
"1e1178f3163cc9169597e95ff04f6ec6",18
"02b4cbe5c2955ab2f66dc82cdf6dad64",21
"e990c276fbc1c79a05390fbf6840daf2",33
"7070685ce7c510a9b7d9f8532db6a66a",16
"410ccfc75031a8a18dbc8def55d3bbe7",99
"032b7df1b63c13c81555718bafda9aec",21
"985589ac8e39320449a857681368e81b",8225
"cd91359821f3d88214f221051535ef0d",45
"d966c575f302342975ba8061cbf50a2c",5407
"e34cede80a0f0564aee002c3482fc268",9056
"4b95d649f2f281c6e49ed7dfd58385fe",105
"891ccf1f4045110fe8b6b8e8574acf40",24
"3bb0bf5132b0f988573de9bd6059b22c",146
"ede696e42648cab77c6ec3058a593357",30
"0b17aa7c3199f47d753f149203bf21bf",25
"c5f572cf1846c4dd2e54af3b5951ca73",36
"3b6a0c51a786eda3cd4d10f1e55ab8bb",15
"39af8a46f9bb627d582b3b07fc75a126",110
"6a4913f64fbfba0fb8f1230b4651963f",17
"be066e42c37b89db6680195009e0f55b",101
"8e5d1877d4c62e9478e8fb621ad1a742",23
"de1c56f20e90845b2cc820b321c6c89a",67
"4d35ab095833d207d503f06d5df2be51",26
"1e3a4c3b34efbc7fab851b62dadc5128",24
"9eae79a92e02dd4349150bef08d26e93",11
"67da37a27427f41e9a28d4bcd418445b",28
"ed5b7c3b8304fb1355de17921218e43b",29
"0875925d72f1e9e81a751f608655c3fc",26
"6b0f79c8cd12cb71e57e383b25f8d744",11
"76fe5bfaf9792607e41a95889d28ca32",96731
"f675b863022a9cf8899a33904578b959",98
"350ca53423e7da317b7de66123ce8374",51
"b100661cdf2e79118d3aaed279d188f1",36
"93ea84f4a89b5b83237074fda77e9668",90
"15730643fc49642258c47eea6db83529",10
"9c7422a3a4ea092153a2fbc0fe158fa7",8
"d9cc4375c207d5d3f30f0c565ed3577d",18
"0015023c8a0b4f2beaa70e6f5520ee0e",21
"96e33458e8a180df0ae170b1e16d9e52",13
"dc98c9fb04eb898dec071301b026b608",21
"16da9716b4d7c3c9c904f3f799d67dfe",409218
"2f94b3668cd2bfd683c170a10383b51c",46
"338d8a8421a2e57996398da3c459d075",64
"0d763b84c137d7f4e973eea77ef4574c",88
"e3b5af0c8fcf4d0cdcf61d789c39f909",65
"dedc1de95f637e116bd7ed8d3a44b92c",42
"7dcd66d3f6addc356dd2d18e6cdb2246",19
"171f41274405524dca8d6c21ff89bd80",173
"72485ae2a49a05fa1f6a89932a5ebed5",68
"6325910893a8a2b5a4672abaf0ee2816",43
"a1d83433e07f97fd446f7ff512e44fc6",18
"e3a9a759065b18ac9a8c0d363cd4e371",48
"40ffac9cd8b8ef62bba893e2223310f0",75
"11ddf8b8dbdc397dfc17991477bf1ba9",15
"e93b607aafb598088dcd8b3fb6a3b1a7",15
"5d5db5a4b1cb701462bfd0989f5a3495",751
"19f997d2f8f56016722db3b63060d49a",5
"589ddbba86dff4cbb1847cdebbae73a0",13
"8359f96d0bbdbc7830341fb21cd52462",21
"9ec6245df95360896c27a40433958c6c",8
"eebf3ffb37e9320194d2ba19348f1dae",3
"d717022c125e3ff8cd61d19c06eb5078",5
"fa53391eb5c64c023ac5a955b89e7d3f",13
"1f622ec19a73e651cd3b4fc7988e587e",43
"d7f4f7aea3730deb421e47e6e9385a47",66
"f89dfabf0d881ee391fa2784bae2454b",64
"c3d7af885c2658d0682c3b09b705fffa",61
"8dffa679ffb645abc8064a2ef488a3f2",20
"a0e1167619b654e2a9d852390c57636e",10
"d7c5c2fc434453c5cdc9356f60cd6a6c",16
"984e33a1bc374efeb7eaac47c7bd7954",93
"f6c528c217081be9871de0fc58b89408",4021
"cd20134bff46147d6aa6cdfac40fb20e",9
"df71de0e92459aa808364311135bb8fc",157
"a843fc211658b32d18ca8567f97f1a1e",102
"674d3fca8b60d684ea44b52ad3fd4c73",37
"c9de210c5a513e7749d7e67ce403d19a",48
"8a06d12a1e867d57a3c7b3fcdc0dce10",18
"1e4c8d12a94c6e1117f00fd35cc08f0b",22
"56a699d5e6a98e03f13ae3ef98d806c6",21
"f466c39e5b81a329d8bd82b7f9d954a5",25
"bf1969c0e412e57637a9ae7a3b638492",22172
"cc2915b764b53d86be9c17337954ba02",66
"f36c50279a8fa1c121cb9dda1ab1cb42",37
"91e94c284051e638a9faae5a3177403d",12
"f7ea6d3245255cf0a50c2b31c370bd8f",39
"9bb276530d60c2d320b7fd8bc8cf8613",44
"9c0de7908dd6ef3d536b42d9e11e0779",108
"c6d65355f4214c9f13205aafe994a4c7",44
"8a4cae94b84e29721e22847621514e03",113
"8df479ea5c41c2992864c14807d5b55b",189
"21ae9c12003b3499a45bac34f021d116",47
"0f9c467bf07b259d557e672528f30776",84
"8be3b287e6fcc3eae24c45719ed0b63e",194
"fbc3a6cb367220d563af5059ffb3dca1",60
"38b729ca785ae39f9f001f45e590634a",58
"9a332bfc8e716e53915d0c2af87d77e9",175
"8b8bec29860fb592b5ed617dd68f50be",96
"b33e11c0f83b296de3bc1b0f9b5403cf",70
"559a4af9d7aa2bc996ff790f7edf0c10",186
"d1215231fa67e4877a285fe0fe37aa8b",39
"985bf4217a414fa06a343100b727f86a",30
"ab26ebc5ca3a004b46004ce31718426d",14
"999cadca8aeca43e6eed7e311d51561e",98
"7ce41632b7d1b017390be842b9aa7ab9",22
"5577227cf77e579f365d8de7c6fa04b2",33
"f13fbd8e4b7efd9b61dc699b3aa0e444",74
"76b04402bb4d2db9bf2b810f74d99444",68
"b7cf76a167bdb5961cc21db4de370ef9",58
"25b35a4827ce2f3a80c66ff610b89715",42
"d1de16e13ce9adab9481911b3a894fe9",8
"b7b7e3f91263224beee15939f9193c46",34
"d590c23ecc6ae2ebb1cd5619aef7b97b",8
"4c394750ae2914e9e0b959aea0018fdb",58
"ce0932e3265dfbbdb1378bb64b6cc5b2",10
"f672aa3aea2d03f0b297739022e9b716",49
"301b20122c825c2ab38ddb980d93ae9a",24
"121be34bb123b5252471e66ba71b2f61",44
"b297abd6caeb240b5a9c1f39842c5516",10
"ad53576cccb4fb7af5597cb3f5168ab2",30
"307ac9ef857f3be91faa45a386c47ed9",17
"0fb538dc7ae93db1aad8af6b841e0274",24
"3d5609a889be6a68508a4bd19733dd46",36
"585acbab6a2210c0f4feb3a5180a89a3",31
"a8f380ee19122cb872b333427b839e79",26
"27af011f1ebcc0867bb168193e6a9d27",7
"dea4f17bc30d536f5c53f03237170cee",40
"fbee996626a1817144b852ecd11e6954",42
"5211346d6fbde997fa9ecb71331b8132",105
"8735f92a7f18db944bc862777fbd3222",229
"04d6583087e48e839ff71fde88f57b0f",22
"7069712c1deee58d640df6a9cbe743dd",24
"330c69373fa4f78e3748583abfd2d2eb",41
"74acdf04e237158caedac2f7b2d256a1",27
"fb17228ff5179d9e340bcea888e5a49b",25
"a047ecb630193547f230de9132f43304",116
"fe46409fc6b1d8f1bfa9159fcf3b2773",63
"0dd8cf02a9dbb832e652f407a281ce45",25
"1bdf30f56d57c90901da38909e6d8737",147
"c2b1e25e5ddf47ca1d9babacc1804477",182
"a046edb519c4e3cbdf77ada497c4d743",12
"566c274c5a5812e94a6ac488132db523",18
"f8c9b42295a06b72e8d98bff41d0db52",143
"2100dc6d548b7b6f42eec6bfa19da0e7",41
"4d32cfec7b3427eec97f1c7b16413b70",36
"0587818ee73e7759ad77019fae1f5603",89
"cc9c242c7ceb94f664bbb8925b5facb7",19
"9239ca66b116fb32155220b136061547",24
"c3a104226c22c1f7b30b12bc0c2ef6c3",17
"4fad946e3c7dd23c93c9485606edbbbc",61
"82aa6b25e166021ecd7d7ee0f0962edd",108
"5a3c6fc4319c56516c971135a85e09e9",76
"938822a7d46b490d8a8d38409ef03f17",802186
"d32e579b3ae7b2aae8d5bf9f027c29af",252494
"869ba28f9c26c6bbb1846f7aac8e4304",47
"87a918f2af94ff451dd1f9ada0c46ecb",119
"2b521c5dd6f1a2a7dcad9e3639e118d0",25
"af763571fbc6ac17ad37f259460e0d36",81
"6faf025d61e54fb3be2f52bd61ad7d78",1506
"27d625650b7604d965efee6611090b6b",34
"db9b5a92d9c68aa2d9b8ad60e198fc2a",3
"ea127c6a6a28ea5ae43853addf6faea9",16
"ed4eb0c93690ed93b1306bbc507ef2ba",85
"9e0d49807e496be0be24d17d2645628f",51
"aaa7df0322f0b4405e7b2440420b8e7c",14
"840da214791d4f4a6f3f743366731c59",54
"57ebfb3f472c23541e1756ea8ba2d9db",7
"a72df2f7ba68b7d43574a73fce033bf2",7
"b90a02db3af632551b865569bf9a87ba",16
"3df88acce00093b692f850ea36fc6853",75
"b80a1fb7e46bce49389c2502daf40950",14
"9b64714d65674e59cd44071334dec62d",4
"dc52472057740cea83f0b303bf9ce63d",9
"e9c85873ff1345e21e1e95d4c1560434",3
"c43f465ce7424dd08a8626e2111d358b",27
"6f32345b3320bbc991bd5bf877280807",13
"3c1bc880e7a6cfa277f465c13da5bcbc",95
"c454141ff01b4f37373772edf1821458",15
"8613992aafbd19aad8ac358ff0361ee3",16
"17f42ee9caaaa916caa2e2f582808a9b",71
"00c246b120f5d923130e01c042aef3de",76681
"c2fd10fcd8f2deb13e9a612be94ad072",19
"a7b8eca6eecb61c076db3d6f2d5a1b15",20
"c14e156018c0e79da279fe59d49feda8",30
"e9c5c7f40dc0d24681936be2db1c8467",39
"d6e68b18750d8abd4e027313439eafb9",5
"f7826e7118260c071419d6b2df610569",23
"e8ed5a29c678543537b865008c749914",6
"2c6c64c66ff42fc7b802b7abeec08e3a",37
"0059ee58b2db0d207914bd2748f10df1",23
"c4a93afc383b6e23f3c6d810821ea8a8",41
"277409fa42870423fe43662672cbe066",69
"2fd95801e71129b2072d477f5ba86afb",29
"f2492014d6f2daa7c2daaeeebbe5abd8",13
"bc90f6f28fe557bbe87b7e52e8dd698d",7
"47d1ef3bc19d98d8a12040cfa6c1b5d7",33
"65685006cfbf8224021bd0d713358a54",7
"2639c16f6fd49215a80b92decaa54e7e",12
"599bc919aa9d2d6e2343f262ca48b98d",5
"2d2c415f1182978735cfb78f2418a2a7",33
"b6c276168187fd88ad55cda88544ef57",30
"9ffe25b432c79b3dbec0ac4bdbce9c9f",109
"3b94c19ef326eea0918e1c3d244c999c",114
"6bcd4891183a0c78f6d7c9141c6d0955",31
"a0901407705992dc213ac509ede97d47",89
"9f1b4af840ef40f870fabcf40ecebf26",54
"47fbd45f80e40fdc565e816d039d24a9",180
"f385ec3421eca8eee3aa0bb062fa3282",9
"6ef3a73a0ed455920e4b6c14dbe1d7c5",39
"770d5b02bd4ce5b2b7a4127850a46d90",2686
"c589b670e44313e7fa3c918d5968c70f",50
"d56dd81c07cbce8980f054869e3e7d4f",86
"c3fa6f316f521b5718af0e191d4e979b",48
"ab953335fc5583d283ec451faa0a1929",37
"b5eb12a45338d4e5de9d81c32edfb36b",32
"29f8ecbfa1eda5ed2ba96f82cc198e79",48
"1a87109463e9402c24ec128d29e395fb",36
"a6f4a6ebd56bd9844348a438e3373081",112
"2dceca019f54100b1e563a1139fe9194",55
"9152499c61eccf0d4be3e72e7aaef4b0",71
"0e083659e15eedce6fa751335621ee94",26
"59f17065ccd58b27aa6173242c1809cb",74
"d02fb5590e43f800429bded19e22c871",101
"8c6e845a5ede947404ccfa716cc19141",32
"e2021b9160d339d1a260a5d060fec42d",68
"1739e0649d11b0fae2a4d3a0c65cecce",24
"808b33b1a15feeb057503d4da258f20a",18
"ef51efa64de299643b1648d130d2f253",50
"4cbfff144d4e7a4e0f4619ed505be070",143845
"d9f870f2673aa7deb1fecc0906beaada",88
"4ae373fd61936ed0cd1d314d664ce393",21
"cbcff1fb4fe9ce63c08c44801357d06a",64
"72005e5fa61b3543cae967a92b222449",90
"37f60e1f5a72f3aa23ee073f1d36cab2",713
"3a9e142c66129ede2f105b2b13acfcb1",46
"13d623daaf27a175bf10834a196c6432",51
"1fa93197111ef299c2463f9cdeaf6ec6",69
"dbb0a3d0015a4ce2dff84ba3c8948459",37
"bdcd2fe848dcdac27e28a56c7abf8938",89
"ca83a91e65dbc280eaa48214c64f46c3",27
"cf2ee67ebacb99738b75e5380cd6085b",126
"0ddf70bc66668c28a7f06ea45e5782c3",76
"d95c93d2f4d1ca9f45c831d525509a28",88
"dad4c3d5e823c866bbfa95eef68972e1",42
"6dd6fd229410cd0553443320c09b41d1",48
"bd24927fa3e7a3dde5f452103747307a",145
"34a718af7e97f77d1227300c6adbf0a2",74
"2ff3b716b3d2342aedbc93c97e737586",75
"f16bd7dd6ee0fed44ac86d21e543944d",75
"057f2a91be073f050b1fe7ee677d1e5f",41
"6c31b5557c5813998d81c687f9af7dc3",99
"6ca02dea0859e5912d211ffd62395731",48
"1ae45b75aed508515a749e187bcaa288",74
"0f068cc610019a7114b2b6c895ffc18f",161
"9187a67762d36903378187e9afb57847",54
"a2b684aa4101c459f0cf6d2db3f68e72",22
"b115c7f690020d75d463a24baa370b62",77
"1ff88e9fa449f9ac1ed205852b097854",29
"693f790b90db6b16996c821b601acdb6",71
"e134e663aafd0b1b21230b60ac5fc4f1",103
"e13de688771d8c35f30536855a532981",188
"0a4569f15df813fa9df7d54fccd9557c",37
"119b70614392764602bb20f8bbe8f960",285
"0b213aa164d4e21588e805a57be952a8",34
"fa50ae2d5f512658a7f41c0c5ed928db",40
"18a51485ed1e271e406d9825e7e35ffc",72
"36904e65c614e389ee279a0c7df8307f",23
"be697b1f1466e77410b4086b0c1c9a35",45
"c66bdc3b6be74aa8ac806c6fd8c0a6eb",69
"d69ab44c3e07f41d98599498d222aa4c",55
"0c0fa1fb617b0280e4afdaeab65edda8",40
"ae8d30b02baea42ea50d853d74033f63",39
"ba011d1085e508d1a70c24a97e23c819",34
"0a2d12a04a1d495fb81891f47eb67375",47
"9664cae1104ed11cba60a2552c35cae7",35
"80f187dac9d6efc7594095bac407cfff",122
"941771d3ded1277ee85056ca04ff9811",118
"2508e88cbc885da4e4aa09a0bece325f",50
"70a5b9b7b072268356c277d608bcf71e",76
"7a2756d06a5d09f9d85faf23f3ea1e29",81
"433898905c4396908160db10517b2bbb",98
"6554727e26ee2e126bfe7bf203d98888",15
"3e212d3c8ffa80aa6e381f411abad0ac",30
"d8b8a457bd2e424f333a71634f58fa44",28
"9130234212afabd9046eca1f071d5d8d",85
"426b69c27b6f3cf83d3493456436fb88",58
"3cc2fbfcab41b5e734f12eca010f1d14",124
"27a561de2de6389dceecf9de591adbfa",52
"a9e7f25d485ef065b4d3a466ba261e88",52
"0da514c472aa0fd907bb0f14eb01e7a6",82
"e1f43947677e59cf5acbd6f20476323e",65
"38b1fe684d08ede22e54a4e85c60583c",87
"756d44a776ef85bb587e61a6e7ba5adc",50
"0693487900d7463d736b03cac1339fc3",61
"3153c4c053007e7a62ca9e257bcd4680",82
"9f2f06b4cf50f2bfc2b8e010ecdea546",45
"3ccc9be549251eb3df5340091dbe1b59",30
"f8ecd9c8bd71528b6feaf9e4c5d13549",112
"e24cb1b78b23d622f1b734964495a07c",72
"c8988e725a77b6ee291fa9f9056be34a",103
"3e5ccd33b7303662ede0e813f8a40e2a",22
"e94738d97e3b6911220639797b117cfd",32
"536027a7cf9fa9ceae00233d7791d536",23
"dffa510530792172a66d69721f2ba4e7",23
"a3ca0ee46af38285594d1ea0d25925a0",45
"e287298530d40b66ee2b8b7b2d043c2f",60
